Fighter A,Fighter B,Result,Fight_ID
Ian Machado Garry,Gabe Green,1,1
Ian Machado Garry,Song Kenan,1,2
Ian Machado Garry,Daniel Rodriguez,1,3
Ian Machado Garry,Neil Magny,1,4
Ian Machado Garry,Geoff Neal,1,5
Ian Machado Garry,Michael Page,1,6
Charles Oliveira,Dustin Poirier,1,1
Charles Oliveira,Justin Gaethje,1,2
Charles Oliveira,Islam Makhachev,0,3
Charles Oliveira,Beneil Dariush,1,4
Charles Oliveira,Arman Tsarukyan,0,5
Charles Oliveira,Michael Chandler,1,6
Arman Tsarukyan,Joel Alvarez,1,1
Arman Tsarukyan,Mateusz Gamrot,0,2
Arman Tsarukyan,Damir Ismagulov,1,3
Arman Tsarukyan,Joaquim Silva,1,4
Arman Tsarukyan,Beneil Dariush,1,5
Arman Tsarukyan,Charles Oliveira,1,6
Mateusz Gamrot,Arman Tsarukyan,1,1
Mateusz Gamrot,Beneil Dariush,0,2
Mateusz Gamrot,Jalin Turner,1,3
Mateusz Gamrot,Rafael Fiziev,1,4
Mateusz Gamrot,Rafael Dos Anjos,1,5
Mateusz Gamrot,Dan Hooker,0,6
Dan Hooker,Nasrat Haqparast,1,1
Dan Hooker,Islam Makhachev,0,2
Dan Hooker,Arnold Allen,0,3
Dan Hooker,Claudio Puelles,1,4
Dan Hooker,Jalin Turner,1,5
Dan Hooker,Mateusz Gamrot,1,6
Arnold Allen,Sodiq Yusuff,1,1
Arnold Allen,Dan Hooker,1,2
Arnold Allen,Calvin Kattar,1,3
Arnold Allen,Max Holloway,0,4
Arnold Allen,Movsar Evloev,0,5
Arnold Allen,Giga Chikadze,1,6
Diego Lopes,Movsar Evloev,0,1
Diego Lopes,Gavin Tucker,1,2
Diego Lopes,Pat Sabatini,1,3
Diego Lopes,Sodiq Yusuff,1,4
Diego Lopes,Dan Ige,1,5
Diego Lopes,Brian Ortega,1,6
Kevin Holland,Santiago Ponzinibbio,1,1
Kevin Holland,Michael Chiesa,1,2
Kevin Holland,Jack Della Maddalena,0,3
Kevin Holland,Michael Page,0,4
Kevin Holland,Michal Oleksiejczuk,1,5
Kevin Holland,Roman Dolidze,0,6
Joaquin Buckley,Chris Curtis,0,1
Joaquin Buckley,Andre Fialho,1,2
Joaquin Buckley,Alex Morono,1,3
Joaquin Buckley,Vicente Luque,1,4
Joaquin Buckley,Nursulton Ruziboev,1,5
Joaquin Buckley,Stephen Thompson,1,6
Stephen Thompson,Geoff Neal,1,1
Stephen Thompson,Gilbert Burns,0,2
Stephen Thompson,Belal Muhammad,0,3
Stephen Thompson,Kevin Holland,1,4
Stephen Thompson,Shavkat Rakhmonov,0,5
Stephen Thompson,Joaquin Buckley,0,6
Jiri Prochazka,Volkan Oezdemir,1,1
Jiri Prochazka,Dominick Reyes,1,2
Jiri Prochazka,Glover Teixeira,1,3
Jiri Prochazka,Alex Pereira,0,4
Jiri Prochazka,Aleksandar Rakic,1,5
Jiri Prochazka,Alex Pereira,0,6
Alex Pereira,Israel Adesanya,0,1
Alex Pereira,Jan Blachowicz,1,2
Alex Pereira,Jiri Prochazka,1,3
Alex Pereira,Jamahal Hill,1,4
Alex Pereira,Jiri Prochazka,1,5
Alex Pereira,Khalil Rountree Jr.,1,6
Khalil Rountree Jr.,Modestas Bukauskas,1,1
Khalil Rountree Jr.,Karl Roberson,1,2
Khalil Rountree Jr.,Dustin Jacoby,1,3
Khalil Rountree Jr.,Chris Daukaus,1,4
Khalil Rountree Jr.,Anthony Smith,1,5
Khalil Rountree Jr.,Alex Pereira,0,6
Justin Gaethje,Khabib Nurmagomedov,0,1
Justin Gaethje,Michael Chandler,1,2
Justin Gaethje,Charles Oliveira,0,3
Justin Gaethje,Rafael Fiziev,1,4
Justin Gaethje,Dustin Poirier,1,5
Justin Gaethje,Max Holloway,0,6
Max Holloway,Yair Rodriguez,1,1
Max Holloway,Alexander Volkanovski,0,2
Max Holloway,Arnold Allen,1,3
Max Holloway,Chan Sung Jung,1,4
Max Holloway,Justin Gaethje,1,5
Max Holloway,Ilia Topuria,0,6
Ilia Topuria,Ryan Hall,1,1
Ilia Topuria,Jai Herbert,1,2
Ilia Topuria,Bryce Mitchell,1,3
Ilia Topuria,Josh Emmett,1,4
Ilia Topuria,Alexander Volkanovski,1,5
Ilia Topuria,Max Holloway,1,6
Alexander Volkanovski,Chan Sung Jung,1,1
Alexander Volkanovski,Max Holloway,1,2
Alexander Volkanovski,Islam Makhachev,0,3
Alexander Volkanovski,Yair Rodriguez,1,4
Alexander Volkanovski,Islam Makhachev,0,5
Alexander Volkanovski,Ilia Topuria,0,6
Jose Aldo,Marlon Vera,1,1
Jose Aldo,Pedro Munhoz,1,2
Jose Aldo,Rob Font,1,3
Jose Aldo,Merab Dvalishvili,0,4
Jose Aldo,Jonathan Martinez,1,5
Jose Aldo,Mario Bautista,0,6
Mario Bautista,Brian Kelleher,1,1
Mario Bautista,Benito Lopez,1,2
Mario Bautista,Guido Cannetti,1,3
Mario Bautista,Da'Mon Blackshear,1,4
Mario Bautista,Ricky Simon,1,5
Mario Bautista,Jose Aldo,1,6
Petr Yan,Aljamain Sterling,0,1
Petr Yan,Cory Sandhagen,1,2
Petr Yan,Aljamain Sterling,0,3
Petr Yan,Sean O'Malley,0,4
Petr Yan,Merab Dvalishvili,0,5
Petr Yan,Song Yadong,1,6
Israel Adesanya,Robert Whittaker,1,1
Israel Adesanya,Jared Cannonier,1,2
Israel Adesanya,Alex Pereira,0,3
Israel Adesanya,Alex Pereira,1,4
Israel Adesanya,Sean Strickland,0,5
Israel Adesanya,Dricus Du Plessis,0,6
Sean Strickland,Jared Cannonier,0,1
Sean Strickland,Nassourdine Imavov,1,2
Sean Strickland,Abus Magomedov,1,3
Sean Strickland,Israel Adesanya,1,4
Sean Strickland,Dricus Du Plessis,0,5
Sean Strickland,Paulo Costa,1,6
Robert Whittaker,Israel Adesanya,0,1
Robert Whittaker,Marvin Vettori,1,2
Robert Whittaker,Dricus Du Plessis,0,3
Robert Whittaker,Paulo Costa,1,4
Robert Whittaker,Ikram Aliskerov,1,5
Robert Whittaker,Khamzat Chimaev,0,6
Khamzat Chimaev,Gerald Meerschaert,1,1
Khamzat Chimaev,Li Jingliang,1,2
Khamzat Chimaev,Gilbert Burns,1,3
Khamzat Chimaev,Kevin Holland,1,4
Khamzat Chimaev,Kamaru Usman,1,5
Khamzat Chimaev,Robert Whittaker,1,6
Kamaru Usman,Gilbert Burns,1,1
Kamaru Usman,Jorge Masvidal,1,2
Kamaru Usman,Colby Covington,1,3
Kamaru Usman,Leon Edwards,0,4
Kamaru Usman,Leon Edwards,0,5
Kamaru Usman,Khamzat Chimaev,0,6
Belal Muhammad,Demian Maia,1,1
Belal Muhammad,Stephen Thompson,1,2
Belal Muhammad,Vicente Luque,1,3
Belal Muhammad,Sean Brady,1,4
Belal Muhammad,Gilbert Burns,1,5
Belal Muhammad,Leon Edwards,1,6
Colby Covington,Robbie Lawler,1,1
Colby Covington,Kamaru Usman,0,2
Colby Covington,Tyron Woodley,1,3
Colby Covington,Kamaru Usman,0,4
Colby Covington,Jorge Masvidal,1,5
Colby Covington,Leon Edwards,0,6
Vicente Luque,Tyron Woodley,1,1
Vicente Luque,Michael Chiesa,1,2
Vicente Luque,Belal Muhammad,0,3
Vicente Luque,Geoff Neal,0,4
Vicente Luque,Rafael Dos Anjos,1,5
Vicente Luque,Joaquin Buckley,0,6
Aljamain Sterling,Petr Yan,1,1
Aljamain Sterling,Petr Yan,1,2
Aljamain Sterling,TJ Dillashaw,1,3
Aljamain Sterling,Henry Cejudo,1,4
Aljamain Sterling,Sean O'Malley,0,5
Aljamain Sterling,Calvin Kattar,1,6
Calvin Kattar,Dan Ige,1,1
Calvin Kattar,Max Holloway,0,2
Calvin Kattar,Giga Chikadze,1,3
Calvin Kattar,Josh Emmett,0,4
Calvin Kattar,Arnold Allen,0,5
Calvin Kattar,Aljamain Sterling,0,6
Movsar Evloev,Mike Grundy,1,1
Movsar Evloev,Nik Lentz,1,2
Movsar Evloev,Hakeem Dawodu,1,3
Movsar Evloev,Dan Ige,1,4
Movsar Evloev,Diego Lopes,1,5
Movsar Evloev,Arnold Allen,1,6
Deiveson Figueiredo,Brandon Moreno,0,1
Deiveson Figueiredo,Brandon Moreno,1,2
Deiveson Figueiredo,Brandon Moreno,0,3
Deiveson Figueiredo,Rob Font,1,4
Deiveson Figueiredo,Cody Garbrandt,1,5
Deiveson Figueiredo,Marlon Vera,1,6
Magomed Ankalaev,Nikita Krylov,1,1
Magomed Ankalaev,Volkan Oezdemir,1,2
Magomed Ankalaev,Thiago Santos,1,3
Magomed Ankalaev,Anthony Smith,1,4
Magomed Ankalaev,Johnny Walker,1,5
Magomed Ankalaev,Aleksandar Rakic,1,6
Jon Jones,Alexander Gustafsson,1,1
Jon Jones,Anthony Smith,1,2
Jon Jones,Thiago Santos,1,3
Jon Jones,Dominick Reyes,1,4
Jon Jones,Ciryl Gane,1,5
Jon Jones,Stipe Miocic,1,6
Daniel Zellhuber,Lucas Almeida,1,1
Daniel Zellhuber,Trey Ogden,0,2
Daniel Zellhuber,Lando Vannata,1,3
Daniel Zellhuber,Christos Giagos,1,4
Daniel Zellhuber,Francisco Prado,1,5
Daniel Zellhuber,Esteban Ribovics,0,6
Esteban Ribovics,Thomas Paull,1,1
Esteban Ribovics,Loik Radzhabov,0,2
Esteban Ribovics,Kamuela Kirk,1,3
Esteban Ribovics,Terrance McKinney,1,4
Esteban Ribovics,Daniel Zellhuber,1,5
Jamie Mullarkey,Michael Johnson,1,1
Jamie Mullarkey,Francisco Prado,1,2
Jamie Mullarkey,Muhammad Naimov,0,3
Jamie Mullarkey,John Makdessi,1,4
Jamie Mullarkey,Nasrat Haqparast,0,5
Jamie Mullarkey,Mauricio Ruffy,0,6
Jalin Turner,Jamie Mullarkey,1,1
Jalin Turner,Brad Riddell,1,2
Jalin Turner,Mateusz Gamrot,0,3
Jalin Turner,Dan Hooker,0,4
Jalin Turner,King Green,1,5
Jalin Turner,Renato Moicano,0,6
Dustin Poirier,Conor McGregor,1,1
Dustin Poirier,Charles Oliveira,0,2
Dustin Poirier,Michael Chandler,1,3
Dustin Poirier,Justin Gaethje,0,4
Dustin Poirier,Benoit Saint Denis,1,5
Dustin Poirier,Islam Makhachev,0,6
Benoit Saint Denis,Gabriel Miranda,1,1
Benoit Saint Denis,Ismael Bonfim,1,2
Benoit Saint Denis,Thiago Moises,1,3
Benoit Saint Denis,Matt Frevola,1,4
Benoit Saint Denis,Dustin Poirier,0,5
Benoit Saint Denis,Renato Moicano,0,6
Renato Moicano,Alexander Hernandez,1,1
Renato Moicano,Rafael Dos Anjos,0,2
Renato Moicano,Brad Riddell,1,3
Renato Moicano,Drew Dober,1,4
Renato Moicano,Jalin Turner,1,5
Renato Moicano,Benoit Saint Denis,1,6
Drew Dober,Rafael Alves,1,1
Drew Dober,King Green,1,2
Drew Dober,Matt Frevola,0,3
Drew Dober,Ricky Glenn,1,4
Drew Dober,Renato Moicano,0,5
Drew Dober,Jean Silva,0,6
Jean Silva,Kevin Vallejos,1,1
Jean Silva,Westin Wilson,1,2
Jean Silva,Charles Jourdain,1,3
Jean Silva,Drew Dober,1,4
Charles Jourdain,Nathaniel Wood,0,1
Charles Jourdain,Kron Gracie,1,2
Charles Jourdain,Ricardo Ramos,1,3
Charles Jourdain,Sean Woodson,0,4
Charles Jourdain,Jean Silva,0,5
Charles Jourdain,Victor Henry,1,6
Sean Woodson,Julian Erosa,0,1
Sean Woodson,Youssef Zalal,1,2
Sean Woodson,Collin Anglin,1,3
Sean Woodson,Dennis Buzukja,1,4
Sean Woodson,Charles Jourdain,1,5
Sean Woodson,Alex Caceres,1,6
Alex Caceres,SeungWoo Choi,1,1
Alex Caceres,Sodiq Yusuff,0,2
Alex Caceres,Julian Erosa,1,3
Alex Caceres,Daniel Pineda,1,4
Alex Caceres,Giga Chikadze,0,5
Alex Caceres,Sean Woodson,0,6
Giga Chikadze,Jamey Simmons,1,1
Giga Chikadze,Cub Swanson,1,2
Giga Chikadze,Edson Barboza,1,3
Giga Chikadze,Calvin Kattar,0,4
Giga Chikadze,Alex Caceres,1,5
Giga Chikadze,Arnold Allen,0,6
Josh Emmett,Shane Burgos,1,1
Josh Emmett,Dan Ige,1,2
Josh Emmett,Calvin Kattar,1,3
Josh Emmett,Yair Rodriguez,0,4
Josh Emmett,Ilia Topuria,0,5
Josh Emmett,Bryce Mitchell,1,6
Yair Rodriguez,Jeremy Stephens,1,1
Yair Rodriguez,Max Holloway,0,2
Yair Rodriguez,Brian Ortega,1,3
Yair Rodriguez,Josh Emmett,1,4
Yair Rodriguez,Alexander Volkanovski,0,5
Yair Rodriguez,Brian Ortega,0,6
Dan Ige,Damon Jackson,1,1
Dan Ige,Nate Landwehr,1,2
Dan Ige,Bryce Mitchell,0,3
Dan Ige,Andre Fili,1,4
Dan Ige,Diego Lopes,0,5
Dan Ige,Lerone Murphy,0,6
Lerone Murphy,Douglas Silva de Andrade,1,1
Lerone Murphy,Makwan Amirkhani,1,2
Lerone Murphy,Gabriel Santos,1,3
Lerone Murphy,Josh Culibao,1,4
Lerone Murphy,Edson Barboza,1,5
Lerone Murphy,Dan Ige,1,6
Edson Barboza,Shane Burgos,1,1
Edson Barboza,Giga Chikadze,0,2
Edson Barboza,Bryce Mitchell,0,3
Edson Barboza,Billy Quarantillo,1,4
Edson Barboza,Sodiq Yusuff,1,5
Edson Barboza,Lerone Murphy,0,6
Demetrious Johnson,John Dodson,1,1
Demetrious Johnson,Henry Cejudo,1,2
Demetrious Johnson,Tim Elliott,1,3
Demetrious Johnson,Wilson Reis,1,4
Demetrious Johnson,Ray Borg,1,5
Demetrious Johnson,Henry Cejudo,0,6
Cody Garbrandt,Raphael Assuncao,1,1
Cody Garbrandt,Rob Font,0,2
Cody Garbrandt,Kai Kara-France,0,3
Cody Garbrandt,Trevin Jones,1,4
Cody Garbrandt,Brian Kelleher,1,5
Cody Garbrandt,Deiveson Figueiredo,0,6
Kai Kara-France,Rogerio Bontorin,1,1
Kai Kara-France,Cody Garbrandt,1,2
Kai Kara-France,Askar Askarov,1,3
Kai Kara-France,Brandon Moreno,0,4
Kai Kara-France,Amir Albazi,0,5
Kai Kara-France,Steve Erceg,1,6
Manel Kape,Matheus Nicolau,0,1
Manel Kape,Ode Osbourne,1,2
Manel Kape,Zhalgas Zhumagulov,1,3
Manel Kape,David Dvorak,1,4
Manel Kape,Felipe dos Santos,1,5
Manel Kape,Muhammad Mokaev,0,6
Jim Miller,Donald Cerrone,1,1
Jim Miller,Alexander Hernandez,0,2
Jim Miller,Jesse Butler,1,3
Jim Miller,Gabriel Benitez,1,4
Jim Miller,King Green,0,5
Jim Miller,Damon Jackson,1,6
Damon Jackson,Pat Sabatini,1,1
Damon Jackson,Dan Ige,0,2
Damon Jackson,Billy Quarantillo,0,3
Damon Jackson,Alexander Hernandez,1,4
Damon Jackson,Chepe Mariscal,0,5
Damon Jackson,Jim Miller,0,6
Carlos Prates,Mitch Ramirez,1,1
Carlos Prates,Trevin Giles,1,2
Carlos Prates,Charles Radtke,1,3
Carlos Prates,Li Jingliang,1,4
Carlos Prates,Neil Magny,1,5
Neil Magny,Gilbert Burns,0,1
Neil Magny,Phil Rowe,1,2
Neil Magny,Ian Machado Garry,0,3
Neil Magny,Mike Malott,1,4
Neil Magny,Michael Morales,0,5
Neil Magny,Carlos Prates,0,6
Li Jingliang,Neil Magny,0,1
Li Jingliang,Santiago Ponzinibbio,1,2
Li Jingliang,Khamzat Chimaev,0,3
Li Jingliang,Muslim Salikhov,1,4
Li Jingliang,Daniel Rodriguez,0,5
Li Jingliang,Carlos Prates,0,6
Matthew Semelsberger,Alex Morono,0,1
Matthew Semelsberger,Jake Matthews,1,2
Matthew Semelsberger,Jeremiah Wells,0,3
Matthew Semelsberger,Uros Medic,0,4
Matthew Semelsberger,Preston Parsons,0,5
Matthew Semelsberger,Charles Radtke,0,6
Amir Albazi,Malcolm Gordon,1,1
Amir Albazi,Zhalgas Zhumagulov,1,2
Amir Albazi,Francisco Figueiredo,1,3
Amir Albazi,Alessandro Costa,1,4
Amir Albazi,Kai Kara-France,1,5
Amir Albazi,Brandon Moreno,0,6
Steve Erceg,David Dvorak,1,1
Steve Erceg,Alessandro Costa,1,2
Steve Erceg,Matt Schnell,1,3
Steve Erceg,Alexandre Pantoja,0,4
Steve Erceg,Kai Kara-France,0,5
Brandon Royval,Rogerio Bontorin,1,1
Brandon Royval,Matt Schnell,1,2
Brandon Royval,Matheus Nicolau,1,3
Brandon Royval,Alexandre Pantoja,0,4
Brandon Royval,Brandon Moreno,1,5
Brandon Royval,Tatsuro Taira,1,6
Michael Morales,Nikolay Veretennikov,1,1
Michael Morales,Trevin Giles,1,2
Michael Morales,Adam Fugitt,1,3
Michael Morales,Max Griffin,1,4
Michael Morales,Jake Matthews,1,5
Michael Morales,Neil Magny,1,6
Tatsuro Taira,CJ Vergara,1,1
Tatsuro Taira,Jesus Aguilar,1,2
Tatsuro Taira,Edgar Chairez,1,3
Tatsuro Taira,Carlos Hernandez,1,4
Tatsuro Taira,Alex Perez,1,5
Tatsuro Taira,Brandon Royval,0,6
Alex Perez,Jussier Formiga,1,1
Alex Perez,Deiveson Figueiredo,0,2
Alex Perez,Alexandre Pantoja,0,3
Alex Perez,Muhammad Mokaev,0,4
Alex Perez,Matheus Nicolau,1,5
Alex Perez,Tatsuro Taira,0,6
Marlon Vera,Rob Font,1,1
Marlon Vera,Dominick Cruz,1,2
Marlon Vera,Cory Sandhagen,0,3
Marlon Vera,Pedro Munhoz,1,4
Marlon Vera,Sean O'Malley,0,5
Marlon Vera,Deiveson Figueiredo,0,6
Rob Font,Jose Aldo,0,1
Rob Font,Marlon Vera,0,2
Rob Font,Adrian Yanez,1,3
Rob Font,Cory Sandhagen,0,4
Rob Font,Deiveson Figueiredo,0,5
Rob Font,Kyler Phillips,1,6
Kyler Phillips,Song Yadong,1,1
Kyler Phillips,Raulian Paiva,0,2
Kyler Phillips,Marcelo Rojo,1,3
Kyler Phillips,Raoni Barcelos,1,4
Kyler Phillips,Pedro Munhoz,1,5
Kyler Phillips,Rob Font,0,6
Song Yadong,Julio Arce,1,1
Song Yadong,Marlon Moraes,1,2
Song Yadong,Cory Sandhagen,0,3
Song Yadong,Ricky Simon,1,4
Song Yadong,Chris Gutierrez,1,5
Song Yadong,Petr Yan,0,6
Chris Gutierrez,Batgerel Danaa,1,1
Chris Gutierrez,Frankie Edgar,1,2
Chris Gutierrez,Pedro Munhoz,0,3
Chris Gutierrez,Alatengheili,1,4
Chris Gutierrez,Song Yadong,0,5
Chris Gutierrez,Quang Le,1,6
Paul Craig,Volkan Oezdemir,0,1
Paul Craig,Johnny Walker,0,2
Paul Craig,Andre Muniz,1,3
Paul Craig,Brendan Allen,0,4
Paul Craig,Caio Borralho,0,5
Paul Craig,Bo Nickal,0,6
Caio Borralho,Armen Petrosyan,1,1
Caio Borralho,Makhmud Muradov,1,2
Caio Borralho,Michal Oleksiejczuk,1,3
Caio Borralho,Abus Magomedov,1,4
Caio Borralho,Paul Craig,1,5
Caio Borralho,Jared Cannonier,1,6
Jared Cannonier,Derek Brunson,1,1
Jared Cannonier,Israel Adesanya,0,2
Jared Cannonier,Sean Strickland,1,3
Jared Cannonier,Marvin Vettori,1,4
Jared Cannonier,Nassourdine Imavov,0,5
Jared Cannonier,Caio Borralho,0,6
Nassourdine Imavov,Edmen Shahbazyan,1,1
Nassourdine Imavov,Joaquin Buckley,1,2
Nassourdine Imavov,Sean Strickland,0,3
Nassourdine Imavov,Roman Dolidze,1,4
Nassourdine Imavov,Jared Cannonier,1,5
Nassourdine Imavov,Brendan Allen,1,6
Brendan Allen,Krzysztof Jotko,1,1
Brendan Allen,Andre Muniz,1,2
Brendan Allen,Bruno Silva,1,3
Brendan Allen,Paul Craig,1,4
Brendan Allen,Chris Curtis,1,5
Brendan Allen,Nassourdine Imavov,0,6
Chris Curtis,Rodolfo Vieira,1,1
Chris Curtis,Jack Hermansson,0,2
Chris Curtis,Joaquin Buckley,1,3
Chris Curtis,Kelvin Gastelum,0,4
Chris Curtis,Marc-Andre Barriault,1,5
Chris Curtis,Brendan Allen,0,6
Marc-Andre Barriault,Anthony Hernandez,0,1
Marc-Andre Barriault,Julian Marquez,1,2
Marc-Andre Barriault,Eryk Anders,1,3
Marc-Andre Barriault,Chris Curtis,0,4
Marc-Andre Barriault,Joe Pyfer,0,5
Marc-Andre Barriault,Dustin Stoltzfus,0,6
Joe Pyfer,Ozzy Diaz,1,1
Joe Pyfer,Alen Amedovski,1,2
Joe Pyfer,Gerald Meerschaert,1,3
Joe Pyfer,Abdul Razak Alhassan,1,4
Joe Pyfer,Jack Hermansson,0,5
Joe Pyfer,Marc-Andre Barriault,1,6
Jack Hermansson,Marvin Vettori,0,1
Jack Hermansson,Edmen Shahbazyan,1,2
Jack Hermansson,Sean Strickland,0,3
Jack Hermansson,Chris Curtis,1,4
Jack Hermansson,Roman Dolidze,0,5
Jack Hermansson,Joe Pyfer,1,6
Roman Dolidze,Phil Hawes,1,1
Roman Dolidze,Jack Hermansson,1,2
Roman Dolidze,Marvin Vettori,0,3
Roman Dolidze,Nassourdine Imavov,0,4
Roman Dolidze,Anthony Smith,1,5
Roman Dolidze,Kevin Holland,1,6
Marvin Vettori,Kevin Holland,1,1
Marvin Vettori,Israel Adesanya,0,2
Marvin Vettori,Paulo Costa,1,3
Marvin Vettori,Robert Whittaker,0,4
Marvin Vettori,Roman Dolidze,1,5
Marvin Vettori,Jared Cannonier,0,6
Alonzo Menifield,Askar Mozharov,1,1
Alonzo Menifield,Misha Cirkunov,1,2
Alonzo Menifield,Jimmy Crute,1,3
Alonzo Menifield,Dustin Jacoby,1,4
Alonzo Menifield,Carlos Ulberg,0,5
Alonzo Menifield,Azamat Murzakanov,0,6
Carlos Ulberg,Fabio Cherant,1,1
Carlos Ulberg,Tafon Nchukwi,1,2
Carlos Ulberg,Nicolae Negumereanu,1,3
Carlos Ulberg,Ihor Potieria,1,4
Carlos Ulberg,Da Woon Jung,1,5
Carlos Ulberg,Alonzo Menifield,1,6
Ihor Potieria,Mauricio Rua,1,1
Ihor Potieria,Carlos Ulberg,0,2
Ihor Potieria,Rodolfo Bellato,0,3
Ihor Potieria,Robert Bryczek,1,4
Ihor Potieria,Michel Pereira,0,5
Ihor Potieria,Cesar Almeida,0,6
Roman Kopylov,Alessio Di Chirico,1,1
Roman Kopylov,Punahele Soriano,1,2
Roman Kopylov,Claudio Ribeiro,1,3
Roman Kopylov,Josh Fremd,1,4
Roman Kopylov,Anthony Hernandez,0,5
Roman Kopylov,Cesar Almeida,1,6
Anthony Hernandez,Rodolfo Vieira,1,1
Anthony Hernandez,Josh Fremd,1,2
Anthony Hernandez,Marc-Andre Barriault,1,3
Anthony Hernandez,Edmen Shahbazyan,1,4
Anthony Hernandez,Roman Kopylov,1,5
Anthony Hernandez,Michel Pereira,1,6
Michel Pereira,Andre Fialho,1,1
Michel Pereira,Santiago Ponzinibbio,1,2
Michel Pereira,Andre Petroski,1,3
Michel Pereira,Michal Oleksiejczuk,1,4
Michel Pereira,Ihor Potieria,1,5
Michel Pereira,Anthony Hernandez,0,6
Geoff Neal,Neil Magny,0,1
Geoff Neal,Santiago Ponzinibbio,1,2
Geoff Neal,Vicente Luque,1,3
Geoff Neal,Shavkat Rakhmonov,0,4
Geoff Neal,Ian Machado Garry,0,5
Geoff Neal,Rafael Dos Anjos,1,6
Shavkat Rakhmonov,Alex Oliveira,1,1
Shavkat Rakhmonov,Michel Prazeres,1,2
Shavkat Rakhmonov,Carlston Harris,1,3
Shavkat Rakhmonov,Neil Magny,1,4
Shavkat Rakhmonov,Geoff Neal,1,5
Shavkat Rakhmonov,Stephen Thompson,1,6
Jan Blachowicz,Corey Anderson,1,1
Jan Blachowicz,Dominick Reyes,1,2
Jan Blachowicz,Israel Adesanya,1,3
Jan Blachowicz,Glover Teixeira,0,4
Jan Blachowicz,Aleksandar Rakic,1,5
Jan Blachowicz,Alex Pereira,0,6
Glover Teixeira,Nikita Krylov,1,1
Glover Teixeira,Anthony Smith,1,2
Glover Teixeira,Thiago Santos,1,3
Glover Teixeira,Jan Blachowicz,1,4
Glover Teixeira,Jiri Prochazka,0,5
Glover Teixeira,Jamahal Hill,0,6
Jamahal Hill,Paul Craig,0,1
Jamahal Hill,Jimmy Crute,1,2
Jamahal Hill,Johnny Walker,1,3
Jamahal Hill,Thiago Santos,1,4
Jamahal Hill,Glover Teixeira,1,5
Jamahal Hill,Alex Pereira,0,6
Islam Makhachev,Dan Hooker,1,1
Islam Makhachev,King Green,1,2
Islam Makhachev,Charles Oliveira,1,3
Islam Makhachev,Alexander Volkanovski,1,4
Islam Makhachev,Alexander Volkanovski,1,5
Islam Makhachev,Dustin Poirier,1,6
Shara Magomedov,Bruno Silva,1,1
Shara Magomedov,Antonio Trocoli,1,2
Shara Magomedov,Michal Oleksiejczuk,1,3
Shara Magomedov,Armen Petrosyan,1,4
Armen Petrosyan,Gregory Rodrigues,1,1
Armen Petrosyan,Caio Borralho,0,2
Armen Petrosyan,AJ Dobson,1,3
Armen Petrosyan,Christian Leroy Duncan,1,4
Armen Petrosyan,Rodolfo Vieira,0,5
Armen Petrosyan,Shara Magomedov,0,6
Michal Oleksiejczuk,Cody Brundage,1,1
Michal Oleksiejczuk,Caio Borralho,0,2
Michal Oleksiejczuk,Chidi Njokuani,1,3
Michal Oleksiejczuk,Michel Pereira,0,4
Michal Oleksiejczuk,Kevin Holland,0,5
Michal Oleksiejczuk,Shara Magomedov,0,6
Derrick Lewis,Tai Tuivasa,0,1
Derrick Lewis,Sergei Pavlovich,0,2
Derrick Lewis,Serghei Spivac,0,3
Derrick Lewis,Marcos Rogerio de Lima,1,4
Derrick Lewis,Jailton Almeida,0,5
Derrick Lewis,Rodrigo Nascimento,1,6
Curtis Blaydes,Jairzinho Rozenstruik,1,1
Curtis Blaydes,Chris Daukaus,1,2
Curtis Blaydes,Tom Aspinall,1,3
Curtis Blaydes,Sergei Pavlovich,0,4
Curtis Blaydes,Jailton Almeida,1,5
Curtis Blaydes,Tom Aspinall,0,6
Tom Aspinall,Serghei Spivac,1,1
Tom Aspinall,Alexander Volkov,1,2
Tom Aspinall,Curtis Blaydes,0,3
Tom Aspinall,Marcin Tybura,1,4
Tom Aspinall,Sergei Pavlovich,1,5
Tom Aspinall,Curtis Blaydes,1,6
Sergei Pavlovich,Shamil Abdurakhimov,1,1
Sergei Pavlovich,Derrick Lewis,1,2
Sergei Pavlovich,Tai Tuivasa,1,3
Sergei Pavlovich,Curtis Blaydes,1,4
Sergei Pavlovich,Tom Aspinall,0,5
Sergei Pavlovich,Alexander Volkov,0,6
Merab Dvalishvili,Cody Stamann,1,1
Merab Dvalishvili,Marlon Moraes,1,2
Merab Dvalishvili,Jose Aldo,1,3
Merab Dvalishvili,Petr Yan,1,4
Merab Dvalishvili,Henry Cejudo,1,5
Merab Dvalishvili,Sean O'Malley,1,6
Alexandre Pantoja,Manel Kape,1,1
Alexandre Pantoja,Brandon Royval,1,2
Alexandre Pantoja,Alex Perez,1,3
Alexandre Pantoja,Brandon Moreno,1,4
Alexandre Pantoja,Brandon Royval,1,5
Alexandre Pantoja,Steve Erceg,1,6
Dricus Du Plessis,Brad Tavares,1,1
Dricus Du Plessis,Darren Till,1,2
Dricus Du Plessis,Derek Brunson,1,3
Dricus Du Plessis,Robert Whittaker,1,4
Dricus Du Plessis,Sean Strickland,1,5
Dricus Du Plessis,Israel Adesanya,1,6
Leon Edwards,Rafael Dos Anjos,1,1
Leon Edwards,Nate Diaz,1,2
Leon Edwards,Kamaru Usman,1,3
Leon Edwards,Kamaru Usman,1,4
Leon Edwards,Colby Covington,1,5
Leon Edwards,Belal Muhammad,0,6
Bryce Mitchell,Charles Rosa,1,1
Bryce Mitchell,Andre Fili,1,2
Bryce Mitchell,Edson Barboza,1,3
Bryce Mitchell,Ilia Topuria,0,4
Bryce Mitchell,Dan Ige,1,5
Bryce Mitchell,Josh Emmett,0,6
Sean Brady,Christian Aguilera,1,1
Sean Brady,Jake Matthews,1,2
Sean Brady,Michael Chiesa,1,3
Sean Brady,Belal Muhammad,0,4
Sean Brady,Kelvin Gastelum,1,5
Sean Brady,Gilbert Burns,1,6
Sean O'Malley,Kris Moutinho,1,1
Sean O'Malley,Raulian Paiva,1,2
Sean O'Malley,Petr Yan,1,3
Sean O'Malley,Aljamain Sterling,1,4
Sean O'Malley,Marlon Vera,1,5
Sean O'Malley,Merab Dvalishvili,0,6
Umar Nurmagomedov,Sergey Morozov,1,1
Umar Nurmagomedov,Brian Kelleher,1,2
Umar Nurmagomedov,Nate Maness,1,3
Umar Nurmagomedov,Raoni Barcelos,1,4
Umar Nurmagomedov,Bekzat Almakhan,1,5
Umar Nurmagomedov,Cory Sandhagen,1,6
Bogdan Guskov,Volkan Oezdemir,0,1
Bogdan Guskov,Zac Pauga,1,2
Bogdan Guskov,Ryan Spann,1,3
Jairzinho Rozenstruik,Curtis Blaydes,0,1
Jairzinho Rozenstruik,Alexander Volkov,0,2
Jairzinho Rozenstruik,Chris Daukaus,1,3
Jairzinho Rozenstruik,Jailton Almeida,0,4
Jairzinho Rozenstruik,Shamil Gaziev,1,5
Jairzinho Rozenstruik,Tai Tuivasa,1,6
Aleksandar Rakic,Volkan Oezdemir,0,1
Aleksandar Rakic,Anthony Smith,1,2
Aleksandar Rakic,Thiago Santos,1,3
Aleksandar Rakic,Jan Blachowicz,0,4
Aleksandar Rakic,Jiri Prochazka,0,5
Aleksandar Rakic,Magomed Ankalaev,0,6
Johnny Walker,Jamahal Hill,0,1
Johnny Walker,Ion Cutelaba,1,2
Johnny Walker,Paul Craig,1,3
Johnny Walker,Anthony Smith,1,4
Johnny Walker,Magomed Ankalaev,0,5
Johnny Walker,Volkan Oezdemir,0,6
Nikita Krylov,Johnny Walker,1,1
Nikita Krylov,Magomed Ankalaev,0,2
Nikita Krylov,Paul Craig,0,3
Nikita Krylov,Alexander Gustafsson,1,4
Nikita Krylov,Volkan Oezdemir,1,5
Nikita Krylov,Ryan Spann,1,6
Azamat Murzakanov,Matheus Scheffel,1,1
Azamat Murzakanov,Tafon Nchukwi,1,2
Azamat Murzakanov,Devin Clark,1,3
Azamat Murzakanov,Dustin Jacoby,1,4
Azamat Murzakanov,Alonzo Menifield,1,5
Anthony Smith,Magomed Ankalaev,0,1
Anthony Smith,Johnny Walker,0,2
Anthony Smith,Ryan Spann,1,3
Anthony Smith,Khalil Rountree Jr.,0,4
Anthony Smith,Vitor Petrino,1,5
Anthony Smith,Roman Dolidze,0,6
Paulo Costa,Yoel Romero,1,1
Paulo Costa,Israel Adesanya,0,2
Paulo Costa,Marvin Vettori,0,3
Paulo Costa,Luke Rockhold,1,4
Paulo Costa,Robert Whittaker,0,5
Paulo Costa,Sean Strickland,0,6
Jack Della Maddalena,Ramazan Emeev,1,1
Jack Della Maddalena,Danny Roberts,1,2
Jack Della Maddalena,Randy Brown,1,3
Jack Della Maddalena,Bassil Hafez,1,4
Jack Della Maddalena,Kevin Holland,1,5
Jack Della Maddalena,Gilbert Burns,1,6
Gilbert Burns,Khamzat Chimaev,0,1
Gilbert Burns,Neil Magny,1,2
Gilbert Burns,Jorge Masvidal,1,3
Gilbert Burns,Belal Muhammad,0,4
Gilbert Burns,Jack Della Maddalena,0,5
Gilbert Burns,Sean Brady,0,6
Rafael Fiziev,Renato Moicano,1,1
Rafael Fiziev,King Green,1,2
Rafael Fiziev,Brad Riddell,1,3
Rafael Fiziev,Rafael Dos Anjos,1,4
Rafael Fiziev,Justin Gaethje,0,5
Rafael Fiziev,Mateusz Gamrot,0,6
Beneil Dariush,Scott Holtzman,1,1
Beneil Dariush,Diego Ferreira,1,2
Beneil Dariush,Tony Ferguson,1,3
Beneil Dariush,Mateusz Gamrot,1,4
Beneil Dariush,Charles Oliveira,0,5
Beneil Dariush,Arman Tsarukyan,0,6
Paddy Pimblett,Luigi Vendramini,1,1
Paddy Pimblett,Kazula Vargas,1,2
Paddy Pimblett,Jordan Leavitt,1,3
Paddy Pimblett,Jared Gordon,1,4
Paddy Pimblett,Tony Ferguson,1,5
Paddy Pimblett,King Green,1,6
Ryan Spann,Ion Cutelaba,1,1
Ryan Spann,Dominick Reyes,1,2
Ryan Spann,Nikita Krylov,0,3
Ryan Spann,Anthony Smith,0,4
Ryan Spann,Bogdan Guskov,0,5
Ryan Spann,Ovince Saint Preux,1,6
Mauricio Ruffy,Raimond Magomedaliev,1,1
Mauricio Ruffy,Jamie Mullarkey,1,2
Mauricio Ruffy,James Llontop,1,3
King Green,Drew Dober,0,1
King Green,Tony Ferguson,1,2
King Green,Grant Dawson,1,3
King Green,Jalin Turner,0,4
King Green,Jim Miller,1,5
King Green,Paddy Pimblett,0,6
Grant Dawson,Jared Gordon,1,1
Grant Dawson,Mark Madsen,1,2
Grant Dawson,Damir Ismagulov,1,3
Grant Dawson,King Green,0,4
Grant Dawson,Joe Solecki,1,5
Grant Dawson,Rafa Garcia,1,6
Bruno Silva,Gerald Meerschaert,0,1
Bruno Silva,Brad Tavares,1,2
Bruno Silva,Brendan Allen,0,3
Bruno Silva,Shara Magomedov,0,4
Bruno Silva,Chris Weidman,0,5
Bruno Silva,Ismail Naurdiev,0,6
Claudio Puelles,Marcos Mariano,1,1
Claudio Puelles,Jordan Leavitt,1,2
Claudio Puelles,Chris Gruetzemacher,1,3
Claudio Puelles,Clay Guida,1,4
Claudio Puelles,Dan Hooker,0,5
Claudio Puelles,Fares Ziam,0,6
Rafael Dos Anjos,Renato Moicano,1,1
Rafael Dos Anjos,Rafael Fiziev,0,2
Rafael Dos Anjos,Bryan Barberena,1,3
Rafael Dos Anjos,Vicente Luque,0,4
Rafael Dos Anjos,Mateusz Gamrot,0,5
Rafael Dos Anjos,Geoff Neal,0,6
Francisco Prado,Jamie Mullarkey,0,1
Francisco Prado,Ottman Azaitar,1,2
Francisco Prado,Daniel Zellhuber,0,3
Gabe Green,Daniel Rodriguez,0,1
Gabe Green,Phil Rowe,1,2
Gabe Green,Yohan Lainesse,1,3
Gabe Green,Ian Machado Garry,0,4
Gabe Green,Bryan Battle,0,5
Song Kenan,Callan Potter,1,1
Song Kenan,Max Griffin,0,2
Song Kenan,Ian Machado Garry,0,3
Song Kenan,Rolando Bedoya,1,4
Song Kenan,Kevin Jousset,0,5
Song Kenan,Ricky Glenn,1,6
Daniel Rodriguez,Kevin Lee,1,1
Daniel Rodriguez,Li Jingliang,1,2
Daniel Rodriguez,Neil Magny,0,3
Daniel Rodriguez,Ian Machado Garry,0,4
Daniel Rodriguez,Kelvin Gastelum,0,5
Daniel Rodriguez,Alex Morono,1,6
Michael Page,Kevin Holland,1,1
Michael Page,Ian Machado Garry,0,2
Michael Chandler,Dan Hooker,1,1
Michael Chandler,Charles Oliveira,0,2
Michael Chandler,Justin Gaethje,0,3
Michael Chandler,Tony Ferguson,1,4
Michael Chandler,Dustin Poirier,0,5
Michael Chandler,Charles Oliveira,0,6
Joel Alvarez,Joe Duffy,1,1
Joel Alvarez,Alexander Yakovlev,1,2
Joel Alvarez,Thiago Moises,1,3
Joel Alvarez,Arman Tsarukyan,0,4
Joel Alvarez,Marc Diakiese,1,5
Joel Alvarez,Elves Brener,1,6
Damir Ismagulov,Joel Alvarez,1,1
Damir Ismagulov,Thiago Moises,1,2
Damir Ismagulov,Rafael Alves,1,3
Damir Ismagulov,Guram Kutateladze,1,4
Damir Ismagulov,Arman Tsarukyan,0,5
Damir Ismagulov,Grant Dawson,0,6
Joaquim Silva,Nasrat Haqparast,0,1
Joaquim Silva,Ricky Glenn,0,2
Joaquim Silva,Jesse Ronson,1,3
Joaquim Silva,Arman Tsarukyan,0,4
Joaquim Silva,Clay Guida,1,5
Joaquim Silva,Drakkar Klose,0,6
Nasrat Haqparast,Dan Hooker,0,1
Nasrat Haqparast,King Green,0,2
Nasrat Haqparast,John Makdessi,1,3
Nasrat Haqparast,Landon Quinones,1,4
Nasrat Haqparast,Jamie Mullarkey,1,5
Nasrat Haqparast,Jared Gordon,1,6
Sodiq Yusuff,Andre Fili,1,1
Sodiq Yusuff,Arnold Allen,0,2
Sodiq Yusuff,Alex Caceres,1,3
Sodiq Yusuff,Don Shainis,1,4
Sodiq Yusuff,Edson Barboza,0,5
Sodiq Yusuff,Diego Lopes,0,6
Pat Sabatini,Tucker Lutz,1,1
Pat Sabatini,TJ Laramie,1,2
Pat Sabatini,Damon Jackson,0,3
Pat Sabatini,Lucas Almeida,1,4
Pat Sabatini,Diego Lopes,0,5
Pat Sabatini,Jonathan Pearce,1,6
Brian Ortega,Max Holloway,0,1
Brian Ortega,Chan Sung Jung,1,2
Brian Ortega,Alexander Volkanovski,0,3
Brian Ortega,Yair Rodriguez,0,4
Brian Ortega,Yair Rodriguez,1,5
Brian Ortega,Diego Lopes,0,6
Santiago Ponzinibbio,Miguel Baeza,1,1
Santiago Ponzinibbio,Geoff Neal,0,2
Santiago Ponzinibbio,Michel Pereira,0,3
Santiago Ponzinibbio,Alex Morono,1,4
Santiago Ponzinibbio,Kevin Holland,0,5
Santiago Ponzinibbio,Muslim Salikhov,0,6
Michael Chiesa,Rafael Dos Anjos,1,1
Michael Chiesa,Neil Magny,1,2
Michael Chiesa,Vicente Luque,0,3
Michael Chiesa,Sean Brady,0,4
Michael Chiesa,Kevin Holland,0,5
Michael Chiesa,Tony Ferguson,1,6
Andre Fialho,Miguel Baeza,1,1
Andre Fialho,Cameron VanCamp,1,2
Andre Fialho,Jake Matthews,0,3
Andre Fialho,Muslim Salikhov,0,4
Andre Fialho,Joaquin Buckley,0,5
Andre Fialho,Tim Means,0,6
Alex Morono,Santiago Ponzinibbio,0,1
Alex Morono,Tim Means,1,2
Alex Morono,Joaquin Buckley,0,3
Alex Morono,Court McGee,1,4
Alex Morono,Niko Price,0,5
Alex Morono,Daniel Rodriguez,0,6
Nursulton Ruziboev,Brunno Ferreira,1,1
Nursulton Ruziboev,Sedriques Dumas,1,2
Nursulton Ruziboev,Joaquin Buckley,0,3
Dustin Jacoby,Da Woon Jung,1,1
Dustin Jacoby,Khalil Rountree Jr.,0,2
Dustin Jacoby,Azamat Murzakanov,0,3
Dustin Jacoby,Kennedy Nzechukwu,1,4
Dustin Jacoby,Alonzo Menifield,0,5
Dustin Jacoby,Dominick Reyes,0,6
Karl Roberson,Wellington Turman,1,1
Karl Roberson,Roman Kopylov,1,2
Karl Roberson,Marvin Vettori,0,3
Karl Roberson,Brendan Allen,0,4
Karl Roberson,Khalil Rountree Jr.,0,5
Karl Roberson,Kennedy Nzechukwu,0,6
Modestas Bukauskas,Michal Oleksiejczuk,0,1
Modestas Bukauskas,Khalil Rountree Jr.,0,2
Modestas Bukauskas,Tyson Pedro,1,3
Modestas Bukauskas,Zac Pauga,1,4
Modestas Bukauskas,Vitor Petrino,0,5
Modestas Bukauskas,Marcin Prachnio,1,6
Khabib Nurmagomedov,Michael Johnson,1,1
Khabib Nurmagomedov,Edson Barboza,1,2
Khabib Nurmagomedov,Al Iaquinta,1,3
Khabib Nurmagomedov,Conor McGregor,1,4
Khabib Nurmagomedov,Dustin Poirier,1,5
Khabib Nurmagomedov,Justin Gaethje,1,6
Chan Sung Jung,Renato Moicano,1,1
Chan Sung Jung,Frankie Edgar,1,2
Chan Sung Jung,Brian Ortega,0,3
Chan Sung Jung,Dan Ige,1,4
Chan Sung Jung,Alexander Volkanovski,0,5
Chan Sung Jung,Max Holloway,0,6
Ryan Hall,Artem Lobov,1,1
Ryan Hall,Gray Maynard,1,2
Ryan Hall,BJ Penn,1,3
Ryan Hall,Darren Elkins,1,4
Ryan Hall,Ilia Topuria,0,5
Ryan Hall,Darrick Minner,1,6
Jai Herbert,Renato Moicano,0,1
Jai Herbert,Khama Worthy,1,2
Jai Herbert,Ilia Topuria,0,3
Jai Herbert,Kyle Nelson,1,4
Jai Herbert,Fares Ziam,0,5
Jai Herbert,Rolando Bedoya,1,6
Pedro Munhoz,Jose Aldo,0,1
Pedro Munhoz,Dominick Cruz,0,2
Pedro Munhoz,Chris Gutierrez,1,3
Pedro Munhoz,Marlon Vera,0,4
Pedro Munhoz,Kyler Phillips,0,5
Pedro Munhoz,Aiemann Zahabi,0,6
Jonathan Martinez,Vince Morales,1,1
Jonathan Martinez,Cub Swanson,1,2
Jonathan Martinez,Said Nurmagomedov,1,3
Jonathan Martinez,Adrian Yanez,1,4
Jonathan Martinez,Jose Aldo,0,5
Jonathan Martinez,Marcus McGhee,0,6
Ikram Aliskerov,Mario Sousa,1,1
Ikram Aliskerov,Phil Hawes,1,2
Ikram Aliskerov,Warlley Alves,1,3
Ikram Aliskerov,Robert Whittaker,0,4
Nik Lentz,David Teymur,0,1
Nik Lentz,Gray Maynard,1,2
Nik Lentz,Scott Holtzman,1,3
Nik Lentz,Charles Oliveira,0,4
Nik Lentz,Arnold Allen,0,5
Nik Lentz,Movsar Evloev,0,6
Hakeem Dawodu,Julio Arce,1,1
Hakeem Dawodu,Zubaira Tukhugov,1,2
Hakeem Dawodu,Movsar Evloev,0,3
Hakeem Dawodu,Michael Trizano,1,4
Hakeem Dawodu,Julian Erosa,0,5
Hakeem Dawodu,Cub Swanson,0,6
Brandon Moreno,Deiveson Figueiredo,0,1
Brandon Moreno,Kai Kara-France,1,2
Brandon Moreno,Deiveson Figueiredo,1,3
Brandon Moreno,Alexandre Pantoja,0,4
Brandon Moreno,Brandon Royval,0,5
Brandon Moreno,Amir Albazi,1,6
Lucas Almeida,Daniel Zellhuber,0,1
Lucas Almeida,Michael Trizano,1,2
Lucas Almeida,Pat Sabatini,0,3
Lucas Almeida,Andre Fili,0,4
Lucas Almeida,Timmy Cuamba,1,5
Trey Ogden,Jordan Leavitt,0,1
Trey Ogden,Daniel Zellhuber,1,2
Trey Ogden,Ignacio Bahamondes,0,3
Trey Ogden,Kurt Holobaugh,1,4
Trey Ogden,Loik Radzhabov,1,5
Lando Vannata,Marc Diakiese,0,1
Lando Vannata,Yancy Medeiros,1,2
Lando Vannata,King Green,0,3
Lando Vannata,Mike Grundy,1,4
Lando Vannata,Charles Jourdain,0,5
Lando Vannata,Daniel Zellhuber,0,6
Christos Giagos,Sean Soriano,1,1
Christos Giagos,Arman Tsarukyan,0,2
Christos Giagos,Thiago Moises,0,3
Christos Giagos,Ricky Glenn,1,4
Christos Giagos,Daniel Zellhuber,0,5
Christos Giagos,Ignacio Bahamondes,0,6
Loik Radzhabov,Esteban Ribovics,1,1
Loik Radzhabov,Mateusz Rebecki,0,2
Loik Radzhabov,Abdul-Kareem Al-Selwady,1,3
Loik Radzhabov,Trey Ogden,0,4
Kamuela Kirk,Billy Quarantillo,0,1
Kamuela Kirk,Makwan Amirkhani,1,2
Kamuela Kirk,Damon Jackson,0,3
Kamuela Kirk,Esteban Ribovics,0,4
Terrance McKinney,Erick Gonzalez,1,1
Terrance McKinney,Ismael Bonfim,0,2
Terrance McKinney,Nazim Sadykhov,0,3
Terrance McKinney,Mike Breeden,1,4
Terrance McKinney,Brendon Marotte,1,5
Terrance McKinney,Esteban Ribovics,0,6
Michael Johnson,Clay Guida,0,1
Michael Johnson,Alan Patrick,1,2
Michael Johnson,Jamie Mullarkey,0,3
Michael Johnson,Marc Diakiese,1,4
Michael Johnson,Diego Ferreira,0,5
Michael Johnson,Darrius Flowers,1,6
Muhammad Naimov,Collin Anglin,0,1
Muhammad Naimov,Jamie Mullarkey,1,2
Muhammad Naimov,Nathaniel Wood,1,3
Muhammad Naimov,Erik Silva,1,4
Muhammad Naimov,Felipe Lima,0,5
John Makdessi,Ross Pearson,1,1
John Makdessi,Jesus Pinedo,1,2
John Makdessi,Francisco Trinaldo,0,3
John Makdessi,Ignacio Bahamondes,1,4
John Makdessi,Nasrat Haqparast,0,5
John Makdessi,Jamie Mullarkey,0,6
Brad Riddell,Magomed Mustafaev,1,1
Brad Riddell,Alex Da Silva,1,2
Brad Riddell,Drew Dober,1,3
Brad Riddell,Rafael Fiziev,0,4
Brad Riddell,Jalin Turner,0,5
Brad Riddell,Renato Moicano,0,6
Conor McGregor,Nate Diaz,1,1
Conor McGregor,Eddie Alvarez,1,2
Conor McGregor,Khabib Nurmagomedov,0,3
Conor McGregor,Donald Cerrone,1,4
Conor McGregor,Dustin Poirier,0,5
Conor McGregor,Dustin Poirier,0,6
Gabriel Miranda,Benoit Saint Denis,0,1
Gabriel Miranda,Shane Young,1,2
Gabriel Miranda,Morgan Charriere,0,3
Ismael Bonfim,Nariman Abbasov,1,1
Ismael Bonfim,Terrance McKinney,1,2
Ismael Bonfim,Benoit Saint Denis,0,3
Ismael Bonfim,Vinc Pichel,1,4
Thiago Moises,Joel Alvarez,0,1
Thiago Moises,Christos Giagos,1,2
Thiago Moises,Melquizael Costa,1,3
Thiago Moises,Benoit Saint Denis,0,4
Thiago Moises,Mitch Ramirez,1,5
Thiago Moises,Ludovit Klein,0,6
Matt Frevola,Terrance McKinney,0,1
Matt Frevola,Genaro Valdez,1,2
Matt Frevola,Ottman Azaitar,1,3
Matt Frevola,Drew Dober,1,4
Matt Frevola,Benoit Saint Denis,0,5
Matt Frevola,Fares Ziam,0,6
Alexander Hernandez,Renato Moicano,0,1
Alexander Hernandez,Billy Quarantillo,0,2
Alexander Hernandez,Jim Miller,1,3
Alexander Hernandez,Bill Algeo,0,4
Alexander Hernandez,Damon Jackson,0,5
Alexander Hernandez,Austin Hubbard,1,6
Rafael Alves,Alejandro Flores,1,1
Rafael Alves,Damir Ismagulov,0,2
Rafael Alves,Marc Diakiese,1,3
Rafael Alves,Drew Dober,0,4
Rafael Alves,Nurullo Aliev,0,5
Nathaniel Wood,Casey Kenney,0,1
Nathaniel Wood,Charles Rosa,1,2
Nathaniel Wood,Charles Jourdain,1,3
Nathaniel Wood,Andre Fili,1,4
Nathaniel Wood,Muhammad Naimov,0,5
Nathaniel Wood,Daniel Pineda,1,6
Kron Gracie,Alex Caceres,1,1
Kron Gracie,Cub Swanson,0,2
Kron Gracie,Charles Jourdain,0,3
Ricardo Ramos,Bill Algeo,1,1
Ricardo Ramos,Zubaira Tukhugov,0,2
Ricardo Ramos,Danny Chavez,1,3
Ricardo Ramos,Charles Jourdain,0,4
Ricardo Ramos,Julian Erosa,0,5
Ricardo Ramos,Josh Culibao,1,6
Victor Henry,Raoni Barcelos,1,1
Victor Henry,Raphael Assuncao,0,2
Victor Henry,Tony Gravely,1,3
Victor Henry,Rani Yahya,1,4
Victor Henry,Charles Jourdain,0,5
Youssef Zalal,Ilia Topuria,0,1
Youssef Zalal,SeungWoo Choi,0,2
Youssef Zalal,Sean Woodson,0,3
Youssef Zalal,Billy Quarantillo,1,4
Youssef Zalal,Jarno Errens,1,5
Youssef Zalal,Jack Shore,1,6
Collin Anglin,Muhammad Naimov,1,1
Collin Anglin,Melsik Baghdasaryan,0,2
Collin Anglin,Sean Woodson,0,3
Dennis Buzukja,Melsik Baghdasaryan,0,1
Dennis Buzukja,Kaleio Romero,1,2
Dennis Buzukja,Sean Woodson,0,3
Dennis Buzukja,Jamall Emmers,0,4
Dennis Buzukja,Connor Matthews,1,5
Dennis Buzukja,Francis Marshall,0,6
Volkan Oezdemir,Magomed Ankalaev,0,1
Volkan Oezdemir,Paul Craig,1,2
Volkan Oezdemir,Nikita Krylov,0,3
Volkan Oezdemir,Bogdan Guskov,1,4
Volkan Oezdemir,Johnny Walker,1,5
Volkan Oezdemir,Carlos Ulberg,0,6
Charles Radtke,Blood Diamond,1,1
Charles Radtke,Gilbert Urbina,1,2
Charles Radtke,Carlos Prates,0,3
Charles Radtke,Matthew Semelsberger,1,4
