Fighter Name,Height,Reach,Wins,Losses,Age,Weight,Fight_ID,Result,Sig_Strikes,Takedowns,Knockdowns,Control_Time,Sub_Attempts,Opp_Sig_Strikes,Opp_Takedowns,Opp_Knockdowns,Opp_Control_Time,Opp_Sub_Attempts,Round
Ian Machado Garry,75,74,15,0,26,170,1,1,116,1,1,0:46,0,90,1,0,2:17,0,3
Ian Machado Garry,75,74,15,0,26,170,2,1,127,0,1,0:05,0,55,2,1,0:44,0,3
Ian Machado Garry,75,74,15,0,26,170,3,1,23,0,1,0:10,0,7,0,0,0:00,0,1
Ian Machado Garry,75,74,15,0,26,170,4,1,91,2,0,2:32,0,27,0,0,1:10,0,3
Ian Machado Garry,75,74,15,0,26,170,5,1,67,0,0,0:12,0,46,0,0,3:45,0,3
Ian Machado Garry,75,74,15,0,26,170,6,1,19,2,0,7:29,2,21,0,0,1:52,0,3
Charles Oliveira,70,74,34,10,35,155,1,1,24,1,2,1:42,0,30,0,0,2:27,1,2
Charles Oliveira,70,74,34,10,35,155,2,1,73,0,0,5:41,3,58,0,1,0:35,0,3
Charles Oliveira,70,74,34,10,35,155,3,1,30,0,1,0:39,2,21,0,1,0:13,0,1
Charles Oliveira,70,74,34,10,35,155,4,0,19,0,0,0:42,0,30,2,1,5:05,1,2
Charles Oliveira,70,74,34,10,35,155,5,1,26,0,1,0:31,0,12,0,0,2:44,0,1
Charles Oliveira,70,74,34,10,35,155,6,0,19,0,0,2:32,4,49,2,0,8:41,0,3
Arman Tsarukyan,67,72,22,3,28,155,1,1,36,2,0,6:08,0,7,0,0,0:00,0,2
Arman Tsarukyan,67,72,22,3,28,155,2,0,95,1,1,1:39,0,81,6,0,4:58,0,5
Arman Tsarukyan,67,72,22,3,28,155,3,1,34,7,0,9:25,0,36,0,0,0:06,0,3
Arman Tsarukyan,67,72,22,3,28,155,4,1,80,4,0,9:01,0,23,0,0,0:00,0,3
Arman Tsarukyan,67,72,22,3,28,155,5,1,8,0,1,0:03,0,2,0,0,0:00,0,1
Arman Tsarukyan,67,72,22,3,28,155,6,1,49,2,0,8:41,0,19,0,0,2:32,4,3
Mateusz Gamrot,70,70,24,3,33,155,1,1,81,6,0,4:58,0,95,1,1,1:39,0,5
Mateusz Gamrot,70,70,24,3,33,155,2,0,33,4,0,2:07,0,59,0,1,0:34,0,3
Mateusz Gamrot,70,70,24,3,33,155,3,1,29,4,0,6:52,0,40,0,1,0:32,0,3
Mateusz Gamrot,70,70,24,3,33,155,4,1,16,1,0,1:28,0,18,0,0,0:00,0,2
Mateusz Gamrot,70,70,24,3,33,155,5,1,57,11,0,7:01,0,36,0,1,0:11,0,3
Mateusz Gamrot,70,70,24,3,33,155,6,0,64,5,0,4:59,0,65,0,0,1:28,0,3
Dan Hooker,72,75,24,12,34,155,1,1,73,3,0,7:04,0,27,0,0,0:03,0,3
Dan Hooker,72,75,24,12,34,155,2,0,4,0,0,0:00,0,2,1,0,1:48,2,1
Dan Hooker,72,75,24,12,34,145,3,0,14,0,0,0:00,0,49,0,0,0:02,0,1
Dan Hooker,72,75,24,12,34,155,4,1,29,0,1,2:08,1,5,0,0,0:08,1,2
Dan Hooker,72,75,24,12,34,155,5,1,125,0,1,3:09,1,100,1,0,0:18,0,3
Dan Hooker,72,75,24,12,34,155,6,1,65,0,0,1:28,0,64,5,0,4:59,0,3
Arnold Allen,68,70,20,3,30,145,1,1,21,2,1,5:09,0,47,0,0,2:33,1,3
Arnold Allen,68,70,20,3,30,145,2,1,49,0,0,0:02,0,14,0,0,0:00,0,1
Arnold Allen,68,70,20,3,30,145,3,1,28,0,0,0:23,0,14,0,0,0:00,0,2
Arnold Allen,68,70,20,3,30,145,4,0,76,0,0,0:42,0,147,0,0,0:03,0,5
Arnold Allen,68,70,20,3,30,145,5,0,59,0,0,0:03,1,51,5,0,3:31,0,3
Arnold Allen,68,70,20,3,30,145,6,1,61,0,0,0:00,0,38,0,0,0:00,0,3
Diego Lopes,71,72,26,6,29,145,1,0,37,0,0,0:41,4,88,4,0,8:30,0,3
Diego Lopes,71,72,26,6,29,145,2,1,0,0,0,0:00,3,0,1,0,0:39,0,1
Diego Lopes,71,72,26,6,29,145,3,1,13,0,1,0:02,0,7,0,0,0:00,0,1
Diego Lopes,71,72,26,6,29,145,4,1,26,0,2,0:34,0,2,0,0,0:00,0,1
Diego Lopes,71,72,26,6,29,145,5,1,49,1,0,4:06,1,42,0,0,1:39,0,3
Diego Lopes,71,72,26,6,29,145,6,1,106,1,0,2:45,0,63,0,0,0:06,0,3
Kevin Holland,75,81,26,12,32,170,1,1,66,0,1,0:03,0,44,0,0,0:07,0,3
Kevin Holland,75,81,26,12,32,170,2,1,9,0,0,0:40,1,4,0,0,0:15,0,1
Kevin Holland,75,81,26,12,32,170,3,0,127,0,0,0:00,0,105,0,0,0:00,0,3
Kevin Holland,75,81,26,12,32,170,4,0,29,2,0,4:22,1,41,0,0,1:26,0,3
Kevin Holland,75,81,26,12,32,185,5,1,8,0,0,0:16,1,8,0,0,0:31,0,1
Kevin Holland,75,81,26,12,32,185,6,0,18,0,0,0:00,0,19,1,0,2:50,0,1
Joaquin Buckley,70,76,20,6,30,185,1,0,50,0,0,0:00,0,36,0,1,0:06,0,2
Joaquin Buckley,70,76,20,6,30,170,2,1,26,2,1,0:23,0,22,0,0,0:07,0,2
Joaquin Buckley,70,76,20,6,30,170,3,1,68,2,0,2:21,0,40,1,0,0:13,0,3
Joaquin Buckley,70,76,20,6,30,170,4,1,55,0,0,0:49,0,21,0,0,0:09,0,2
Joaquin Buckley,70,76,20,6,30,170,5,1,86,4,1,5:30,0,31,0,0,0:34,0,3
Joaquin Buckley,70,76,20,6,30,170,6,1,34,4,1,4:13,0,49,0,0,0:03,0,3
Stephen Thompson,72,75,17,8,41,170,1,1,171,0,0,0:00,0,85,0,0,3:46,0,5
Stephen Thompson,72,75,17,8,41,170,2,0,19,0,0,0:00,0,29,3,0,7:13,0,3
Stephen Thompson,72,75,17,8,41,170,3,0,19,0,0,0:52,0,58,7,0,11:57,1,3
Stephen Thompson,72,75,17,8,41,170,4,1,163,0,0,0:47,0,119,2,0,1:21,0,4
Stephen Thompson,72,75,17,8,41,170,5,0,16,0,0,0:00,0,28,1,0,7:45,2,2
Stephen Thompson,72,75,17,8,41,170,6,0,49,0,0,0:03,0,34,4,1,4:13,0,3
Jiri Prochazka,75,80,30,5,32,205,1,0,33,0,1,0:02,0,41,0,0,0:17,0,2
Jiri Prochazka,75,80,30,5,32,205,2,0,77,1,1,1:35,0,63,1,0,0:29,1,2
Jiri Prochazka,75,80,30,5,32,205,3,0,120,0,0,4:29,1,111,5,0,9:47,1,5
Jiri Prochazka,75,80,30,5,32,205,4,0,30,1,0,2:45,0,38,0,1,0:08,1,2
Jiri Prochazka,75,80,30,5,32,205,5,0,69,1,0,0:38,0,58,0,0,0:00,0,2
Jiri Prochazka,75,80,30,5,32,205,6,0,7,0,0,1:11,0,38,0,2,0:03,0,2
Alex Pereira,76,79,12,2,37,185,1,0,49,0,0,0:00,0,41,0,1,0:03,0,2
Alex Pereira,76,79,12,2,37,205,2,0,70,0,0,0:06,1,52,3,0,7:32,2,3
Alex Pereira,76,79,12,2,37,205,3,0,38,0,1,0:08,1,30,1,0,2:45,0,2
Alex Pereira,76,79,12,2,37,205,4,0,24,0,1,0:07,0,12,0,0,0:00,0,1
Alex Pereira,76,79,12,2,37,205,5,0,38,0,2,0:03,0,7,0,0,1:11,0,2
Alex Pereira,76,79,12,2,37,205,6,0,127,0,1,0:00,0,61,0,0,0:00,0,4
Khalil Rountree Jr.,73,76,14,6,34,205,1,0,38,0,1,0:00,0,23,0,0,0:00,0,2
Khalil Rountree Jr.,73,76,14,6,34,205,2,0,26,0,2,0:15,0,17,0,0,0:00,0,2
Khalil Rountree Jr.,73,76,14,6,34,205,3,0,85,0,0,0:00,0,120,0,0,0:05,0,3
Khalil Rountree Jr.,73,76,14,6,34,205,4,0,16,0,1,0:31,0,8,0,0,0:04,0,1
Khalil Rountree Jr.,73,76,14,6,34,205,5,0,53,0,1,0:58,0,47,0,0,0:11,0,3
Khalil Rountree Jr.,73,76,14,6,34,205,6,0,61,0,0,0:00,0,127,0,1,0:00,0,4
Justin Gaethje,71,70,25,5,35,155,1,0,29,0,0,0:14,0,26,2,0,0:55,1,2
Justin Gaethje,71,70,25,5,35,155,2,0,116,0,1,1:37,0,103,1,0,0:03,0,3
Justin Gaethje,71,70,25,5,35,155,3,0,21,0,1,0:13,0,30,0,1,0:39,2,1
Justin Gaethje,71,70,25,5,35,155,4,0,103,1,0,0:05,0,97,0,0,0:00,0,3
Justin Gaethje,71,70,25,5,35,155,5,0,41,0,1,0:00,0,27,0,0,0:00,0,2
Justin Gaethje,71,70,25,5,35,155,6,0,103,0,0,0:00,0,181,0,1,0:00,0,5
Max Holloway,71,69,26,8,32,145,1,0,230,3,0,6:49,1,159,1,0,1:20,0,5
Max Holloway,71,69,26,8,32,145,2,0,127,0,0,0:16,0,199,0,0,1:57,0,5
Max Holloway,71,69,26,8,32,145,3,0,147,0,0,0:03,0,76,0,0,0:42,0,5
Max Holloway,71,69,26,8,32,145,4,0,75,0,2,0:57,1,34,0,0,0:15,0,3
Max Holloway,71,69,26,8,32,155,5,0,181,0,1,0:00,0,103,0,0,0:00,0,5
Max Holloway,71,69,26,8,32,145,6,0,79,0,0,0:00,0,75,2,1,0:45,0,3
Ilia Topuria,67,69,16,0,27,145,1,0,18,0,0,1:20,0,10,0,0,0:00,0,1
Ilia Topuria,67,69,16,0,27,155,2,0,20,1,1,2:41,0,22,0,1,0:07,0,2
Ilia Topuria,67,69,16,0,27,145,3,0,40,0,1,1:18,1,36,1,0,1:29,0,2
Ilia Topuria,67,69,16,0,27,145,4,0,152,3,1,3:35,0,87,0,0,0:00,0,5
Ilia Topuria,67,69,16,0,27,145,5,0,35,0,1,0:03,0,47,0,0,0:00,0,2
Ilia Topuria,67,69,16,0,27,145,6,0,75,2,1,0:45,0,79,0,0,0:00,0,3
Alexander Volkanovski,66,71,26,4,36,145,1,0,138,4,1,2:52,0,48,0,0,0:00,0,4
Alexander Volkanovski,66,71,26,4,36,145,2,0,199,0,0,1:57,0,127,0,0,0:16,0,5
Alexander Volkanovski,66,71,26,4,36,155,3,0,70,0,1,2:55,0,57,4,0,7:37,0,5
Alexander Volkanovski,66,71,26,4,36,145,4,0,66,7,0,7:13,0,40,0,0,0:00,0,3
Alexander Volkanovski,66,71,26,4,36,155,5,0,4,0,0,0:49,0,24,0,1,0:19,0,1
Alexander Volkanovski,66,71,26,4,36,145,6,0,47,0,0,0:00,0,35,0,1,0:03,0,2
Jose Aldo,67,70,32,9,38,135,1,0,44,0,0,4:57,0,46,0,0,2:51,0,3
Jose Aldo,67,70,32,9,38,135,2,0,114,0,0,0:00,0,75,0,0,0:10,0,3
Jose Aldo,67,70,32,9,38,135,3,0,86,0,2,9:06,1,149,1,0,2:08,0,5
Jose Aldo,67,70,32,9,38,135,4,0,38,0,0,0:00,0,57,0,0,5:06,0,3
Jose Aldo,67,70,32,9,38,135,5,0,77,1,0,1:45,0,52,0,0,1:20,0,3
Jose Aldo,67,70,32,9,38,135,6,0,51,0,0,0:00,0,49,0,0,7:15,0,3
Mario Bautista,69,69,15,2,31,135,1,0,6,2,0,1:28,1,2,0,0,0:00,0,1
Mario Bautista,69,69,15,2,31,135,2,0,44,1,0,2:36,3,17,0,0,0:00,0,1
Mario Bautista,69,69,15,2,31,135,3,0,3,3,0,2:36,1,2,1,0,0:16,0,1
Mario Bautista,69,69,15,2,31,135,4,0,79,2,0,4:04,1,90,4,0,3:00,0,3
Mario Bautista,69,69,15,2,31,135,5,0,112,0,0,0:14,0,45,2,0,3:00,0,3
Mario Bautista,69,69,15,2,31,135,6,0,49,0,0,7:15,0,51,0,0,0:00,0,3
Petr Yan,67,67,17,5,31,135,1,0,86,7,1,4:12,0,97,1,0,3:25,0,4
Petr Yan,67,67,17,5,31,135,2,0,149,0,1,1:09,1,169,1,0,0:20,0,5
Petr Yan,67,67,17,5,31,135,3,0,63,0,0,5:52,0,62,2,0,8:31,0,5
Petr Yan,67,67,17,5,31,135,4,0,58,6,0,5:44,0,84,0,0,0:02,0,3
Petr Yan,67,67,17,5,31,135,5,0,75,1,0,1:50,0,147,11,0,6:53,0,5
Petr Yan,67,67,17,5,31,135,6,0,99,2,0,1:47,0,86,1,0,1:40,0,3
Israel Adesanya,76,80,24,4,35,185,1,0,79,0,1,0:00,0,59,4,0,3:40,0,5
Israel Adesanya,76,80,24,4,35,185,2,0,116,0,0,0:00,0,90,0,0,4:14,0,5
Israel Adesanya,76,80,24,4,35,185,3,0,86,1,0,6:34,0,91,1,0,0:31,0,5
Israel Adesanya,76,80,24,4,35,185,4,0,41,0,1,0:03,0,49,0,0,0:00,0,2
Israel Adesanya,76,80,24,4,35,185,5,0,94,0,0,0:00,0,137,0,1,0:14,0,5
Israel Adesanya,76,80,24,4,35,185,6,0,97,0,0,0:09,0,90,4,0,3:39,2,4
Sean Strickland,73,76,29,6,33,185,1,0,152,1,0,0:48,0,141,0,0,0:00,0,5
Sean Strickland,73,76,29,6,33,205,2,0,182,1,0,4:12,0,123,0,0,0:12,0,5
Sean Strickland,73,76,29,6,33,185,3,0,81,0,1,0:10,0,47,1,0,0:23,0,2
Sean Strickland,73,76,29,6,33,185,4,0,137,0,1,0:14,0,94,0,0,0:00,0,5
Sean Strickland,73,76,29,6,33,185,5,0,173,0,0,0:00,0,137,6,0,2:08,0,5
Sean Strickland,73,76,29,6,33,185,6,0,182,0,0,0:01,0,158,0,0,0:00,0,5
Robert Whittaker,72,73,27,8,33,185,1,0,59,4,0,3:40,0,79,0,1,0:00,0,5
Robert Whittaker,72,73,27,8,33,185,2,0,74,1,0,0:12,0,33,0,0,0:28,0,3
Robert Whittaker,72,73,27,8,33,185,3,0,31,1,0,0:23,0,62,1,1,0:57,0,2
Robert Whittaker,72,73,27,8,33,185,4,0,95,0,0,0:00,0,67,0,0,0:00,0,3
Robert Whittaker,72,73,27,8,33,185,5,0,14,0,1,0:03,0,5,0,0,0:00,0,1
Robert Whittaker,72,73,27,8,33,185,6,0,2,0,0,0:00,0,3,2,0,3:20,1,1
Khamzat Chimaev,74,75,14,0,30,185,1,0,4,0,1,0:02,0,0,0,0,0:00,0,1
Khamzat Chimaev,74,75,14,0,30,170,2,0,25,1,0,3:01,3,0,0,0,0:00,0,1
Khamzat Chimaev,74,75,14,0,30,170,3,0,108,2,1,2:23,0,119,0,0,0:06,0,3
Khamzat Chimaev,74,75,14,0,30,185,4,0,0,2,0,1:56,2,0,0,0,0:00,0,1
Khamzat Chimaev,74,75,14,0,30,185,5,0,38,4,0,7:16,1,36,0,0,0:04,0,3
Khamzat Chimaev,74,75,14,0,30,185,6,0,3,2,0,3:20,1,2,0,0,0:00,0,1
Kamaru Usman,72,76,20,4,37,170,1,0,83,0,2,2:05,0,45,0,0,0:00,0,3
Kamaru Usman,72,76,20,4,37,170,2,0,21,2,1,1:42,0,31,0,0,0:00,0,2
Kamaru Usman,72,76,20,4,37,170,3,0,123,1,2,1:16,0,107,0,0,1:54,0,5
Kamaru Usman,72,76,20,4,37,170,4,0,83,5,0,10:36,0,55,1,1,2:55,1,5
Kamaru Usman,72,76,20,4,37,170,5,0,87,4,0,5:03,0,120,0,0,0:00,0,5
Kamaru Usman,72,76,20,4,37,185,6,0,36,0,0,0:04,0,38,4,0,7:16,1,3
Belal Muhammad,71,72,24,3,36,170,1,0,45,0,0,0:00,0,21,1,0,4:14,0,3
Belal Muhammad,71,72,24,3,36,170,2,0,58,7,0,11:57,1,19,0,0,0:52,0,3
Belal Muhammad,71,72,24,3,36,170,3,0,60,5,0,7:29,0,84,0,0,0:33,0,5
Belal Muhammad,71,72,24,3,36,170,4,0,80,0,0,0:00,0,58,0,0,0:00,0,2
Belal Muhammad,71,72,24,3,36,170,5,0,132,0,0,0:00,0,81,0,0,0:00,0,5
Belal Muhammad,71,72,24,3,36,170,6,0,68,9,0,12:02,0,47,2,0,7:11,0,5
Colby Covington,71,72,17,4,36,170,1,0,179,10,0,8:43,0,78,0,0,0:00,0,5
Colby Covington,71,72,17,4,36,170,2,0,143,0,0,0:00,0,175,0,2,0:11,0,5
Colby Covington,71,72,17,4,36,170,3,0,78,3,0,12:01,0,34,1,0,0:14,0,5
Colby Covington,71,72,17,4,36,170,4,0,107,0,0,1:54,0,123,1,2,1:16,0,5
Colby Covington,71,72,17,4,36,170,5,0,94,6,0,16:14,1,67,0,0,0:21,0,5
Colby Covington,71,72,17,4,36,170,6,0,44,2,0,5:04,0,57,2,0,1:27,2,5
Vicente Luque,71,75,22,10,32,170,1,0,25,0,0,2:03,1,18,0,0,0:22,0,1
Vicente Luque,71,75,22,10,32,170,2,0,7,0,0,0:10,1,4,1,0,1:01,2,1
Vicente Luque,71,75,22,10,32,170,3,0,84,0,0,0:33,0,60,5,0,7:29,0,5
Vicente Luque,71,75,22,10,32,170,4,0,97,0,0,0:00,0,121,1,2,0:47,0,3
Vicente Luque,71,75,22,10,32,170,5,0,72,8,0,12:01,0,66,2,0,3:54,1,5
Vicente Luque,71,75,22,10,32,170,6,0,21,0,0,0:09,0,55,0,0,0:49,0,2
Aljamain Sterling,67,71,24,4,35,135,1,0,97,1,0,3:25,0,86,7,1,4:12,0,4
Aljamain Sterling,67,71,24,4,35,135,2,0,62,2,0,8:31,0,63,0,0,5:52,0,5
Aljamain Sterling,67,71,24,4,35,135,3,0,72,5,0,7:06,2,8,0,0,0:03,0,2
Aljamain Sterling,67,71,24,4,35,135,4,0,135,4,0,4:00,0,99,3,0,5:06,0,5
Aljamain Sterling,67,71,24,4,35,135,5,0,17,0,0,0:34,0,25,0,1,0:18,0,2
Aljamain Sterling,67,71,24,4,35,145,6,0,39,8,0,10:43,0,8,0,0,0:05,0,3
Calvin Kattar,71,72,23,8,36,145,1,0,105,1,0,1:06,0,84,0,0,0:03,0,5
Calvin Kattar,71,72,23,8,36,145,2,0,133,0,0,0:05,0,445,0,0,0:27,0,5
Calvin Kattar,71,72,23,8,36,145,3,0,144,2,1,3:42,1,128,0,0,0:09,0,5
Calvin Kattar,71,72,23,8,36,145,4,0,130,0,0,0:00,0,107,0,0,0:04,0,5
Calvin Kattar,71,72,23,8,36,145,5,0,14,0,0,0:00,0,28,0,0,0:23,0,2
Calvin Kattar,71,72,23,8,36,145,6,0,8,0,0,0:05,0,39,8,0,10:43,0,3
Movsar Evloev,67,72,18,0,30,145,1,0,79,0,0,0:48,0,20,6,0,2:35,1,3
Movsar Evloev,67,72,18,0,30,145,2,0,82,2,0,4:36,0,46,1,0,1:26,2,3
Movsar Evloev,67,72,18,0,30,145,3,0,42,9,0,8:55,2,39,0,0,0:16,0,3
Movsar Evloev,67,72,18,0,30,145,4,0,68,9,0,6:47,0,42,0,0,0:10,0,3
Movsar Evloev,67,72,18,0,30,145,5,0,88,4,0,8:30,0,37,0,0,0:41,4,3
Movsar Evloev,67,72,18,0,30,145,6,0,51,5,0,3:31,0,59,0,0,0:03,1,3
Deiveson Figueiredo,65,68,24,3,36,125,1,0,24,1,0,1:30,0,47,2,1,4:49,2,3
Deiveson Figueiredo,65,68,24,3,36,125,2,0,86,2,3,2:18,0,105,1,0,0:46,0,5
Deiveson Figueiredo,65,68,24,3,36,125,3,0,19,1,0,0:35,2,48,3,0,6:52,0,3
Deiveson Figueiredo,65,68,24,3,36,135,4,0,45,4,0,4:02,0,46,0,0,0:22,0,3
Deiveson Figueiredo,65,68,24,3,36,135,5,0,13,1,0,3:43,2,16,0,0,0:02,0,2
Deiveson Figueiredo,65,68,24,3,36,135,6,0,45,2,1,2:30,0,52,0,0,0:08,0,3
Magomed Ankalaev,75,75,20,1,32,205,1,0,43,3,0,5:59,0,47,1,0,1:44,0,3
Magomed Ankalaev,75,75,20,1,32,205,2,0,66,1,1,1:45,0,48,0,0,0:00,0,3
Magomed Ankalaev,75,75,20,1,32,205,3,0,78,1,0,3:35,0,60,0,1,0:17,0,5
Magomed Ankalaev,75,75,20,1,32,205,4,0,46,0,0,2:26,0,18,0,0,0:51,0,2
Magomed Ankalaev,75,75,20,1,32,205,5,0,39,0,1,0:05,0,24,0,0,0:00,0,2
Magomed Ankalaev,75,75,20,1,32,205,6,0,55,0,0,1:31,0,53,0,0,1:00,0,3
Jon Jones,76,84,27,1,37,205,1,0,105,3,0,3:55,0,57,0,0,0:00,0,5
Jon Jones,76,84,27,1,37,205,2,0,59,1,0,1:29,0,22,0,0,0:00,0,3
Jon Jones,76,84,27,1,37,205,3,0,125,3,0,12:59,0,36,0,0,0:00,0,5
Jon Jones,76,84,27,1,37,205,4,0,59,0,0,0:00,0,43,0,0,0:00,0,5
Jon Jones,76,84,27,1,37,205,5,0,104,2,0,1:41,0,116,0,0,0:00,0,5
Jon Jones,76,84,27,1,37,265,6,0,5,2,0,0:57,1,6,0,0,0:00,0,1
Daniel Zellhuber,73,77,15,2,25,155,1,0,115,1,0,2:51,0,96,0,0,0:24,0,3
Daniel Zellhuber,73,77,15,2,25,155,2,0,52,0,0,0:00,0,71,1,0,0:38,0,3
Daniel Zellhuber,73,77,15,2,25,155,3,0,78,0,1,1:44,0,51,0,0,0:06,0,3
Daniel Zellhuber,73,77,15,2,25,155,4,0,36,0,0,0:17,1,38,0,0,0:11,0,2
Daniel Zellhuber,73,77,15,2,25,155,5,0,120,0,0,0:05,0,90,0,0,0:25,0,3
Daniel Zellhuber,73,77,15,2,25,155,6,0,121,0,1,0:15,0,156,0,0,0:00,0,3
Francisco Prado,70,69,12,2,22,155,1,0,28,0,0,0:10,1,59,3,0,4:47,0,3
Francisco Prado,70,69,12,2,22,155,2,0,38,0,1,0:49,0,14,0,0,0:00,0,1
Francisco Prado,70,69,12,2,22,155,3,0,90,0,0,0:25,0,120,0,0,0:05,0,3
Jamie Mullarkey,72,74,17,8,30,155,1,0,96,0,0,0:17,0,66,0,1,0:37,0,3
Jamie Mullarkey,72,74,17,8,30,155,2,0,59,3,0,4:47,0,28,0,0,0:10,1,3
Jamie Mullarkey,72,74,17,8,30,155,3,0,39,3,0,2:28,0,28,0,1,0:01,0,2
Jamie Mullarkey,72,74,17,8,30,155,4,0,88,0,0,0:00,0,83,0,0,0:00,0,3
Jamie Mullarkey,72,74,17,8,30,155,5,0,8,0,0,0:00,0,16,0,2,0:05,0,1
Jamie Mullarkey,72,74,17,8,30,155,6,0,14,0,0,0:00,0,25,0,1,0:04,0,1
Jalin Turner,75,77,14,8,29,155,1,0,52,1,1,0:02,0,35,1,0,1:31,0,2
Jalin Turner,75,77,14,8,29,155,2,0,3,0,0,0:13,1,2,0,0,0:00,0,1
Jalin Turner,75,77,14,8,29,155,3,0,40,0,1,0:32,0,29,4,0,6:52,0,3
Jalin Turner,75,77,14,8,29,155,4,0,100,1,0,0:18,0,125,0,1,3:09,1,3
Jalin Turner,75,77,14,8,29,155,5,0,33,0,1,0:12,0,15,0,0,0:02,0,1
Jalin Turner,75,77,14,8,29,155,6,0,16,0,1,0:02,0,36,2,0,5:50,0,2
Dustin Poirier,69,72,30,9,35,155,1,0,36,1,0,3:18,0,27,0,0,0:00,1,1
Dustin Poirier,69,72,30,9,35,155,2,0,58,0,1,0:35,0,73,0,0,5:41,3,3
Dustin Poirier,69,72,30,9,35,155,3,0,38,0,0,0:47,2,43,3,0,5:39,0,3
Dustin Poirier,69,72,30,9,35,155,4,0,27,0,0,0:00,0,41,0,1,0:00,0,2
Dustin Poirier,69,72,30,9,35,155,5,0,28,0,1,0:31,4,50,3,0,4:53,1,2
Dustin Poirier,69,72,30,9,35,155,6,0,74,0,0,0:30,0,88,5,0,10:23,2,5
Benoit Saint Denis,71,73,13,3,28,155,1,0,42,1,3,3:17,0,20,1,0,0:20,0,2
Benoit Saint Denis,71,73,13,3,28,155,2,0,13,2,0,2:57,2,14,0,0,0:10,0,1
Benoit Saint Denis,71,73,13,3,28,155,3,0,101,5,0,5:20,0,24,1,0,0:14,1,2
Benoit Saint Denis,71,73,13,3,28,155,4,0,6,0,1,0:19,0,5,2,0,0:25,0,1
Benoit Saint Denis,71,73,13,3,28,155,5,0,50,3,0,4:53,1,28,0,1,0:31,4,2
Benoit Saint Denis,71,73,13,3,28,155,6,0,25,0,0,0:05,0,50,1,0,4:53,0,2
Renato Moicano,71,72,20,5,35,155,1,0,33,2,0,1:43,1,37,0,0,0:05,0,2
Renato Moicano,71,72,20,5,35,155,2,0,88,0,0,0:30,0,149,5,1,13:22,0,5
Renato Moicano,71,72,20,5,35,155,3,0,10,0,0,0:34,1,14,0,0,0:14,0,1
Renato Moicano,71,72,20,5,35,155,4,0,23,3,0,10:33,0,23,1,0,1:02,0,3
Renato Moicano,71,72,20,5,35,155,5,0,36,2,0,5:50,0,16,0,1,0:02,0,2
Renato Moicano,71,72,20,5,35,155,6,0,50,1,0,4:53,0,25,0,0,0:05,0,2
Drew Dober,68,70,27,14,36,155,1,0,62,0,1,0:04,0,37,1,0,2:21,0,3
Drew Dober,68,70,27,14,36,155,2,0,34,0,1,0:07,0,73,0,0,0:11,0,2
Drew Dober,68,70,27,14,36,155,3,0,20,0,0,0:00,0,35,0,1,0:08,0,1
Drew Dober,68,70,27,14,36,155,4,0,30,0,1,0:31,0,5,0,0,0:00,0,1
Drew Dober,68,70,27,14,36,155,5,0,23,1,0,1:02,0,23,3,0,10:33,0,3
Drew Dober,68,70,27,14,36,155,6,0,59,0,0,0:30,0,53,0,0,0:00,0,3
Jean Silva,67,69,14,2,27,145,1,0,87,1,0,0:09,0,71,0,0,0:11,0,3
Jean Silva,67,69,14,2,27,145,2,0,25,1,1,0:08,0,11,0,0,0:04,0,1
Jean Silva,67,69,14,2,27,145,3,0,34,0,2,0:09,0,23,3,0,1:17,0,2
Jean Silva,67,69,14,2,27,155,4,0,53,0,0,0:00,0,59,0,0,0:30,0,3
Charles Jourdain,69,69,16,8,28,145,1,0,86,1,0,0:24,0,97,5,0,4:30,0,3
Charles Jourdain,69,69,16,8,28,145,2,0,80,0,0,6:48,0,32,0,0,0:43,0,3
Charles Jourdain,69,69,16,8,28,145,3,0,8,0,0,0:00,1,0,2,0,1:58,1,1
Charles Jourdain,69,69,16,8,28,145,4,0,60,0,0,1:58,1,80,1,0,0:39,0,3
Charles Jourdain,69,69,16,8,28,145,5,0,23,3,0,1:17,0,34,0,2,0:09,0,2
Charles Jourdain,69,69,16,8,28,135,6,0,39,0,0,0:17,1,24,4,0,3:49,0,2
Sean Woodson,74,78,12,1,32,145,1,0,106,0,1,0:05,0,103,3,0,1:13,1,3
Sean Woodson,74,78,12,1,32,145,2,0,40,0,0,1:03,2,42,2,0,6:21,0,3
Sean Woodson,74,78,12,1,32,145,3,0,50,0,1,0:22,0,8,0,0,0:13,0,1
Sean Woodson,74,78,12,1,32,145,4,0,71,4,0,5:52,0,42,0,0,2:30,0,3
Sean Woodson,74,78,12,1,32,145,5,0,80,1,0,0:39,0,60,0,0,1:58,1,3
Sean Woodson,74,78,12,1,32,145,6,0,101,0,0,0:00,0,82,0,0,0:12,0,3
Alex Caceres,70,73,21,15,36,145,1,0,46,0,0,0:49,1,33,0,1,0:15,0,2
Alex Caceres,70,73,21,15,36,145,2,0,66,1,0,0:21,0,64,1,0,2:42,0,3
Alex Caceres,70,73,21,15,36,145,3,0,16,0,1,0:05,0,10,0,0,0:00,0,1
Alex Caceres,70,73,21,15,36,145,4,0,60,1,0,4:26,0,27,3,0,3:57,1,3
Alex Caceres,70,73,21,15,36,145,5,0,62,0,0,0:00,0,65,0,0,0:00,0,3
Alex Caceres,70,73,21,15,36,145,6,0,82,0,0,0:12,0,101,0,0,0:00,0,3
Giga Chikadze,72,74,15,4,36,145,1,0,8,0,1,0:09,0,2,0,0,0:44,0,1
Giga Chikadze,72,74,15,4,36,145,2,0,12,0,1,0:05,0,4,0,0,0:00,0,1
Giga Chikadze,72,74,15,4,36,145,3,0,60,0,2,0:41,2,33,0,0,0:00,0,3
Giga Chikadze,72,74,15,4,36,145,4,0,128,0,0,0:09,0,144,2,1,3:42,1,5
Giga Chikadze,72,74,15,4,36,145,5,0,65,0,0,0:00,0,62,0,0,0:00,0,3
Giga Chikadze,72,74,15,4,36,145,6,0,38,0,0,0:00,0,61,0,0,0:00,0,3
Josh Emmett,66,70,19,4,39,145,1,0,127,1,2,1:24,0,128,0,0,0:00,0,3
Josh Emmett,66,70,19,4,39,145,2,0,60,0,1,0:47,0,70,1,0,0:21,0,3
Josh Emmett,66,70,19,4,39,145,3,0,107,0,0,0:04,0,130,0,0,0:00,0,5
Josh Emmett,66,70,19,4,39,145,4,0,22,1,0,3:01,0,62,0,0,0:00,1,2
Josh Emmett,66,70,19,4,39,145,5,0,87,0,0,0:00,0,152,3,1,3:35,0,5
Josh Emmett,66,70,19,4,39,145,6,0,2,0,1,0:00,0,0,0,0,0:00,0,1
Yair Rodriguez,71,71,16,5,32,145,1,0,96,0,0,3:10,0,50,3,0,5:34,0,3
Yair Rodriguez,71,71,16,5,32,145,2,0,159,1,0,1:20,0,230,3,0,6:49,1,5
Yair Rodriguez,71,71,16,5,32,145,3,0,23,0,0,0:00,0,22,1,0,2:24,0,1
Yair Rodriguez,71,71,16,5,32,145,4,0,62,0,0,0:00,1,22,1,0,3:01,0,2
Yair Rodriguez,71,71,16,5,32,145,5,0,40,0,0,0:00,0,66,7,0,7:13,0,3
Yair Rodriguez,71,71,16,5,32,145,6,0,55,0,1,1:32,0,28,3,0,5:21,1,3
Dan Ige,67,71,18,9,33,145,1,0,34,1,1,0:18,0,36,0,0,0:01,0,2
Dan Ige,67,71,18,9,33,145,2,0,88,0,1,0:41,0,74,0,0,0:26,0,3
Dan Ige,67,71,18,9,33,145,3,0,18,0,0,2:11,0,23,5,0,7:33,1,3
Dan Ige,67,71,18,9,33,145,4,0,11,0,1,0:01,0,8,0,0,0:00,0,1
Dan Ige,67,71,18,9,33,145,5,0,42,0,0,1:39,0,49,1,0,4:06,1,3
Dan Ige,67,71,18,9,33,145,6,0,46,1,1,4:47,0,52,3,0,2:17,0,3
Lerone Murphy,69,73,15,0,33,145,1,0,48,1,0,1:51,0,39,1,0,1:21,0,3
Lerone Murphy,69,73,15,0,33,145,2,0,4,0,1,0:09,0,4,5,0,4:05,0,2
Lerone Murphy,69,73,15,0,33,145,3,0,93,1,0,2:18,0,69,5,0,4:00,0,3
Lerone Murphy,69,73,15,0,33,145,4,0,59,3,1,7:38,2,23,0,0,1:30,0,3
Lerone Murphy,69,73,15,0,33,145,5,0,220,4,0,5:19,0,79,0,0,0:17,0,5
Lerone Murphy,69,73,15,0,33,145,6,0,52,3,0,2:17,0,46,1,1,4:47,0,3
Edson Barboza,71,75,24,12,38,145,1,0,98,0,1,0:00,0,80,0,0,0:03,0,3
Edson Barboza,71,75,24,12,38,145,2,0,33,0,0,0:00,0,60,0,2,0:41,2,3
Edson Barboza,71,75,24,12,38,145,3,0,16,0,0,0:02,0,34,4,1,11:28,0,3
Edson Barboza,71,75,24,12,38,145,4,0,21,0,1,0:02,0,19,0,0,0:39,0,1
Edson Barboza,71,75,24,12,38,145,5,0,164,3,1,3:04,0,178,1,1,3:56,0,5
Edson Barboza,71,75,24,12,38,145,6,0,79,0,0,0:17,0,220,4,0,5:19,0,5
Henry Cejudo,64,64,16,4,37,125,1,0,51,3,0,4:38,0,81,1,0,0:36,0,5
Henry Cejudo,64,64,16,4,37,125,2,0,18,0,1,0:00,0,1,0,0,0:09,0,1
Henry Cejudo,64,64,16,4,37,135,3,0,90,1,0,2:40,1,57,0,0,0:00,0,3
Henry Cejudo,64,64,16,4,37,135,4,0,53,1,1,0:14,0,33,0,0,0:00,0,2
Henry Cejudo,64,64,16,4,37,135,5,0,99,3,0,5:06,0,135,4,0,4:00,0,5
Henry Cejudo,64,64,16,4,37,135,6,0,29,1,0,2:05,0,74,5,0,4:23,1,3
Demetrious Johnson,63,66,27,3,38,125,1,0,88,4,0,4:59,0,58,1,0,2:55,0,5
Demetrious Johnson,63,66,27,3,38,125,2,0,21,0,1,0:16,0,6,1,0,0:33,0,1
Demetrious Johnson,63,66,27,3,38,125,3,0,28,5,0,16:38,3,24,4,0,3:38,2,5
Demetrious Johnson,63,66,27,3,38,125,4,0,108,1,0,2:19,1,16,0,0,0:01,0,3
Demetrious Johnson,63,66,27,3,38,125,5,0,64,8,0,17:49,2,13,3,0,2:08,0,5
Demetrious Johnson,63,66,27,3,38,125,6,0,81,1,0,0:36,0,51,3,0,4:38,0,5
Cody Garbrandt,68,65,14,6,33,135,1,0,19,0,1,0:03,0,17,0,0,0:00,0,2
Cody Garbrandt,68,65,14,6,33,135,2,0,63,3,0,3:02,0,176,2,0,1:13,0,5
Cody Garbrandt,68,65,14,6,33,125,3,0,9,0,0,0:06,0,23,0,2,0:06,0,1
Cody Garbrandt,68,65,14,6,33,135,4,0,26,2,0,2:32,0,20,1,0,1:39,1,3
Cody Garbrandt,68,65,14,6,33,135,5,0,20,0,1,0:19,0,17,0,0,0:36,0,1
Cody Garbrandt,68,65,14,6,33,135,6,0,16,0,0,0:02,0,13,1,0,3:43,2,2
Kai Kara-France,64,69,25,11,31,125,1,0,13,0,1,0:01,0,6,1,0,3:15,2,1
Kai Kara-France,64,69,25,11,31,125,2,0,23,0,2,0:06,0,9,0,0,0:06,0,1
Kai Kara-France,64,69,25,11,31,125,3,0,51,0,0,0:00,0,27,2,0,5:14,2,3
Kai Kara-France,64,69,25,11,31,125,4,0,53,1,0,0:24,0,58,0,1,0:45,0,3
Kai Kara-France,64,69,25,11,31,125,5,0,99,2,0,0:58,0,43,1,0,6:10,1,5
Kai Kara-France,64,69,25,11,31,125,6,0,18,0,2,0:08,0,9,0,0,0:00,0,1
Manel Kape,65,68,19,7,30,125,1,0,61,0,0,0:38,0,55,2,0,2:31,1,3
Manel Kape,65,68,19,7,30,125,2,0,19,0,1,0:02,0,18,0,0,0:00,0,1
Manel Kape,65,68,19,7,30,125,3,0,53,0,2,0:03,0,31,0,0,0:00,0,1
Manel Kape,65,68,19,7,30,125,4,0,58,0,1,0:57,2,33,2,0,2:42,0,3
Manel Kape,65,68,19,7,30,125,5,0,112,1,1,0:45,0,99,0,0,0:08,0,3
Manel Kape,65,68,19,7,30,125,6,0,20,0,0,0:04,0,30,3,0,2:11,0,3
Jim Miller,68,71,37,18,41,155,1,0,48,0,1,0:34,0,21,0,0,0:00,0,2
Jim Miller,68,71,37,18,41,170,2,0,24,1,0,1:03,1,21,0,0,1:24,0,2
Jim Miller,68,71,37,18,41,155,3,0,67,0,0,0:40,1,108,0,0,0:23,0,3
Jim Miller,68,71,37,18,41,155,4,0,3,0,1,0:00,0,1,0,0,0:00,0,1
Jim Miller,68,71,37,18,41,155,5,0,80,2,0,3:55,1,80,0,0,0:01,0,3
Jim Miller,68,71,37,18,41,155,6,0,57,0,0,0:01,0,186,1,1,0:54,0,3
Damon Jackson,71,71,23,7,36,145,1,0,32,2,0,10:25,1,27,1,0,2:44,0,3
Damon Jackson,71,71,23,7,36,145,2,0,11,1,0,0:32,0,1,0,0,0:00,0,1
Damon Jackson,71,71,23,7,36,145,3,0,36,0,0,0:01,0,34,1,1,0:18,0,2
Damon Jackson,71,71,23,7,36,145,4,0,67,3,0,6:10,0,100,0,0,1:51,1,3
Damon Jackson,71,71,23,7,36,145,5,0,42,3,0,6:18,0,32,0,1,2:22,0,3
Damon Jackson,71,71,23,7,36,145,6,0,32,1,0,4:18,0,73,5,0,8:31,0,3
Carlos Prates,73,78,21,6,31,170,1,0,30,0,1,0:22,0,23,1,0,1:18,0,2
Carlos Prates,73,78,21,6,31,170,2,0,37,0,1,0:00,0,68,0,0,1:28,0,2
Carlos Prates,73,78,21,6,31,170,3,0,15,0,1,0:00,0,14,0,0,0:23,0,1
Carlos Prates,73,78,21,6,31,170,4,0,55,0,3,0:00,0,41,0,0,0:23,0,2
Carlos Prates,73,78,21,6,31,170,5,0,12,1,2,1:09,0,10,0,0,1:31,0,1
Neil Magny,75,80,29,14,37,170,1,0,4,0,0,0:00,0,5,1,0,2:35,1,1
Neil Magny,75,80,29,14,37,170,2,0,29,0,0,4:31,0,34,1,0,4:38,0,3
Neil Magny,75,80,29,14,37,170,3,0,27,0,0,1:10,0,91,2,0,2:32,0,3
Neil Magny,75,80,29,14,37,170,4,0,57,1,0,1:47,0,45,4,0,6:02,0,3
Neil Magny,75,80,29,14,37,170,5,0,5,0,0,2:05,0,34,0,1,1:16,0,1
Neil Magny,75,80,29,14,37,170,6,0,10,0,0,1:31,0,12,1,2,1:09,0,1
Michael Morales,72,79,17,0,25,170,1,0,53,4,0,5:30,0,52,0,0,1:06,0,3
Michael Morales,72,79,17,0,25,170,2,0,26,0,1,1:05,0,8,1,0,1:12,1,1
Michael Morales,72,79,17,0,25,170,3,0,83,0,2,0:12,0,64,1,0,1:51,0,3
Michael Morales,72,79,17,0,25,170,4,0,72,1,0,0:27,0,36,0,0,2:10,0,3
Michael Morales,72,79,17,0,25,170,5,0,84,0,0,0:07,0,57,0,0,0:03,0,3
Michael Morales,72,79,17,0,25,170,6,0,34,0,1,1:16,0,5,0,0,2:05,0,1
Li Jingliang,72,71,19,9,36,170,1,0,16,2,0,3:39,0,74,4,0,5:06,0,3
Li Jingliang,72,71,19,9,36,170,2,0,21,0,1,0:02,0,11,0,0,0:00,0,1
Li Jingliang,72,71,19,9,36,170,3,0,0,0,0,0:00,0,25,1,0,3:01,3,1
Li Jingliang,72,71,19,9,36,170,4,0,38,1,1,0:30,0,23,1,0,1:10,0,2
Li Jingliang,72,71,19,9,36,170,5,0,78,1,0,0:02,0,88,0,0,0:00,0,3
Li Jingliang,72,71,19,9,36,170,6,0,41,0,0,0:23,0,55,0,3,0:00,0,2
Charles Radtke,69,72,10,4,34,170,1,0,35,1,0,9:41,0,44,0,0,0:21,0,3
Charles Radtke,69,72,10,4,34,170,2,0,30,0,2,0:08,0,16,0,0,0:05,0,1
Charles Radtke,69,72,10,4,34,170,3,0,14,0,0,0:23,0,15,0,1,0:00,0,1
Charles Radtke,69,72,10,4,34,170,4,0,7,0,0,0:00,0,2,0,0,0:00,0,1
Matthew Semelsberger,73,75,11,8,31,170,1,0,74,1,1,2:38,0,106,0,0,0:24,0,3
Matthew Semelsberger,73,75,11,8,31,170,2,0,45,3,3,4:16,0,32,1,0,1:42,1,3
Matthew Semelsberger,73,75,11,8,31,170,3,0,20,0,2,1:29,0,36,6,0,11:12,0,3
Matthew Semelsberger,73,75,11,8,31,170,4,0,52,0,1,1:13,0,69,1,1,0:22,0,3
Matthew Semelsberger,73,75,11,8,31,170,5,0,28,1,0,3:08,2,47,7,0,6:26,2,3
Matthew Semelsberger,73,75,11,8,31,170,6,0,2,0,0,0:00,0,7,0,0,0:00,0,1
Amir Albazi,65,68,17,2,31,135,1,0,12,1,0,2:21,1,3,0,0,0:22,0,1
Amir Albazi,65,68,17,2,31,125,2,0,68,2,0,3:38,0,59,1,0,0:27,0,3
Amir Albazi,65,68,17,2,31,125,3,0,12,2,0,2:36,1,11,0,0,0:00,0,1
Amir Albazi,65,68,17,2,31,125,4,0,37,1,2,5:54,0,17,0,0,0:00,0,3
Amir Albazi,65,68,17,2,31,125,5,0,43,1,0,6:10,1,99,2,0,0:58,0,5
Amir Albazi,65,68,17,2,31,125,6,0,63,1,0,0:09,0,132,0,0,0:00,0,5
Steve Erceg,68,68,12,3,29,125,1,0,54,3,0,1:29,1,53,1,0,1:57,0,3
Steve Erceg,68,68,12,3,29,125,2,0,74,1,0,6:29,1,54,1,0,1:14,0,3
Steve Erceg,68,68,12,3,29,125,3,0,34,0,1,0:05,0,22,0,0,0:00,0,2
Steve Erceg,68,68,12,3,29,125,4,0,111,1,0,0:32,0,125,9,0,8:15,0,5
Steve Erceg,68,68,12,3,29,125,5,0,9,0,0,0:00,0,18,0,2,0:08,0,1
Brandon Royval,69,68,17,7,32,125,1,0,40,0,0,1:43,3,28,8,0,7:41,0,3
Brandon Royval,69,68,17,7,32,125,2,0,14,0,0,0:13,1,12,0,1,0:54,0,1
Brandon Royval,69,68,17,7,32,125,3,0,13,0,1,0:07,0,2,0,0,0:00,0,1
Brandon Royval,69,68,17,7,32,125,4,0,111,0,0,0:47,0,95,8,0,15:51,1,5
Brandon Royval,69,68,17,7,32,125,5,0,145,1,0,0:35,0,112,3,0,2:54,0,5
Brandon Royval,69,68,17,7,32,125,6,0,124,3,0,2:23,3,42,6,0,12:13,1,5
Tatsuro Taira,67,70,16,1,24,125,1,0,22,3,0,6:19,2,19,0,0,0:36,0,2
Tatsuro Taira,67,70,16,1,24,125,2,0,1,1,0,3:49,2,2,0,0,0:23,1,1
Tatsuro Taira,67,70,16,1,24,125,3,0,61,2,0,9:53,1,25,0,1,0:25,2,3
Tatsuro Taira,67,70,16,1,24,125,4,0,33,0,1,3:36,0,2,0,0,0:53,0,2
Tatsuro Taira,67,70,16,1,24,125,5,0,31,2,0,0:48,0,41,1,0,0:24,0,2
Tatsuro Taira,67,70,16,1,24,125,6,0,42,6,0,12:13,1,124,3,0,2:23,3,5
Alex Perez,66,65,25,9,32,125,1,0,29,0,2,0:04,0,18,0,0,0:00,0,1
Alex Perez,66,65,25,9,32,125,2,0,6,0,0,0:37,0,5,0,0,0:00,1,1
Alex Perez,66,65,25,9,32,125,3,0,10,0,0,0:00,0,8,1,0,1:06,1,1
Alex Perez,66,65,25,9,32,125,4,0,30,0,0,3:44,0,47,3,0,4:29,0,3
Alex Perez,66,65,25,9,32,125,5,0,28,0,1,0:02,0,22,0,0,0:00,0,2
Alex Perez,66,65,25,9,32,125,6,0,41,1,0,0:24,0,31,2,0,0:48,0,2
Marlon Vera,68,70,23,10,31,135,1,0,159,0,3,2:05,0,271,1,0,0:18,0,5
Marlon Vera,68,70,23,10,31,135,2,0,61,0,3,0:10,0,92,2,0,1:05,0,4
Marlon Vera,68,70,23,10,31,135,3,0,58,0,0,0:09,1,128,3,0,7:08,0,5
Marlon Vera,68,70,23,10,31,135,4,0,141,0,0,0:00,0,113,0,0,0:00,0,3
Marlon Vera,68,70,23,10,31,135,5,0,89,0,0,0:00,0,230,0,0,0:03,0,5
Marlon Vera,68,70,23,10,31,135,6,0,52,0,0,0:08,0,45,2,1,2:30,0,3
Rob Font,68,71,21,8,37,135,1,0,149,1,0,2:08,0,86,0,2,9:06,1,5
Rob Font,68,71,21,8,37,135,2,0,271,1,0,0:18,0,159,0,3,2:05,0,5
Rob Font,68,71,21,8,37,135,3,0,33,0,1,0:04,0,25,0,0,0:00,0,1
Rob Font,68,71,21,8,37,135,4,0,9,1,0,1:08,0,34,7,0,19:38,1,5
Rob Font,68,71,21,8,37,135,5,0,46,0,0,0:22,0,45,4,0,4:02,0,3
Rob Font,68,71,21,8,37,135,6,0,61,0,0,1:19,0,38,4,0,4:42,0,3
Kyler Phillips,68,72,12,3,29,135,1,0,59,3,0,1:36,0,67,0,0,1:06,0,3
Kyler Phillips,68,72,12,3,29,135,2,0,74,4,1,3:02,0,51,2,0,3:32,0,3
Kyler Phillips,68,72,12,3,29,135,3,0,80,3,0,2:33,2,55,0,0,0:30,0,3
Kyler Phillips,68,72,12,3,29,135,4,0,72,1,1,0:47,0,46,3,0,1:42,0,3
Kyler Phillips,68,72,12,3,29,135,5,0,114,0,0,0:02,0,52,1,0,0:24,0,3
Kyler Phillips,68,72,12,3,29,135,6,0,38,4,0,4:42,0,61,0,0,1:19,0,3
Song Yadong,68,67,21,8,26,135,1,0,30,0,1,0:00,0,13,0,0,0:00,0,2
Song Yadong,68,67,21,8,26,135,2,0,14,0,1,0:00,0,9,0,0,0:00,0,1
Song Yadong,68,67,21,8,26,135,3,0,54,2,0,1:39,0,94,1,0,3:47,0,4
Song Yadong,68,67,21,8,26,135,4,0,105,0,2,0:27,0,60,2,0,0:51,0,5
Song Yadong,68,67,21,8,26,135,5,0,77,2,0,11:01,0,87,0,0,0:00,0,5
Song Yadong,68,67,21,8,26,135,6,0,86,1,0,1:40,0,99,2,0,1:47,0,3
Chris Gutierrez,69,67,21,6,33,135,1,0,41,0,1,0:13,0,30,1,0,0:24,0,2
Chris Gutierrez,69,67,21,6,33,135,2,0,10,0,1,0:01,0,2,0,0,0:00,0,1
Chris Gutierrez,69,67,21,6,33,135,3,0,77,0,0,0:06,0,60,0,1,2:54,0,3
Chris Gutierrez,69,67,21,6,33,135,4,0,110,0,0,0:08,0,38,2,0,0:51,0,3
Chris Gutierrez,69,67,21,6,33,135,5,0,87,0,0,0:00,0,77,2,0,11:01,0,5
Chris Gutierrez,69,67,21,6,33,135,6,0,59,0,0,0:12,0,16,2,0,4:05,0,3
Paul Craig,75,76,17,8,36,205,1,0,2,1,0,0:02,1,19,1,0,3:49,0,1
Paul Craig,75,76,17,8,36,205,2,0,33,0,0,0:07,0,72,1,0,5:09,0,3
Paul Craig,75,76,17,8,36,205,3,0,3,0,0,0:00,0,16,0,1,0:04,0,1
Paul Craig,75,76,17,8,36,185,4,0,40,2,0,2:56,1,24,2,0,1:47,0,2
Paul Craig,75,76,17,8,36,185,5,0,6,0,0,0:34,1,32,2,0,7:58,2,3
Paul Craig,75,76,17,8,36,185,6,0,22,0,0,0:30,0,36,0,1,0:19,0,2
Caio Borralho,73,75,17,1,31,185,1,0,12,4,0,10:09,0,31,0,0,1:19,0,3
Caio Borralho,73,75,17,1,31,185,2,0,19,1,0,5:32,2,14,2,0,4:44,0,3
Caio Borralho,73,75,17,1,31,185,3,0,34,3,0,2:39,1,30,0,0,0:13,0,2
Caio Borralho,73,75,17,1,31,185,4,0,51,0,1,2:17,0,38,0,0,0:00,0,3
Caio Borralho,73,75,17,1,31,185,5,0,36,0,1,0:19,0,22,0,0,0:30,0,2
Caio Borralho,73,75,17,1,31,185,6,0,153,0,1,1:59,1,83,0,0,0:00,0,5
Brendan Allen,74,75,24,6,28,185,1,0,3,1,0,2:24,1,3,0,0,1:33,0,1
Brendan Allen,74,75,24,6,28,185,2,0,42,1,0,4:12,2,43,0,0,0:15,0,3
Brendan Allen,74,75,24,6,28,185,3,0,30,0,1,2:29,1,20,0,0,0:02,0,1
Brendan Allen,74,75,24,6,28,185,4,0,32,2,0,7:58,2,6,0,0,0:34,1,3
Brendan Allen,74,75,24,6,28,185,5,0,112,6,0,6:05,0,124,0,0,1:18,0,5
Brendan Allen,74,75,24,6,28,185,6,0,30,1,0,6:06,0,57,0,0,5:47,0,3
Chris Curtis,70,75,31,11,37,185,1,0,109,0,0,0:35,0,86,0,0,2:05,0,3
Chris Curtis,70,75,31,11,37,185,2,0,43,0,0,0:00,0,100,0,0,0:00,0,3
Chris Curtis,70,75,31,11,37,185,3,0,36,0,1,0:06,0,50,0,0,0:00,0,2
Chris Curtis,70,75,31,11,37,185,4,0,70,0,0,0:01,0,83,0,0,1:21,0,3
Chris Curtis,70,75,31,11,37,185,5,0,140,0,0,0:00,0,122,0,0,0:00,0,3
Chris Curtis,70,75,31,11,37,185,6,0,124,0,0,1:18,0,112,6,0,6:05,0,5
Marc-Andre Barriault,73,74,16,9,34,185,1,0,25,0,0,0:25,0,39,8,0,8:45,2,3
Marc-Andre Barriault,73,74,16,9,34,185,2,0,109,0,0,1:29,0,82,0,0,0:00,0,2
Marc-Andre Barriault,73,74,16,9,34,185,3,0,95,0,1,0:40,0,83,1,0,3:18,0,3
Marc-Andre Barriault,73,74,16,9,34,185,4,0,122,0,0,0:00,0,140,0,0,0:00,0,3
Marc-Andre Barriault,73,74,16,9,34,185,5,0,0,0,0,0:00,0,8,0,1,0:00,0,1
Marc-Andre Barriault,73,74,16,9,34,185,6,0,7,0,0,0:01,0,13,0,1,3:54,1,1
Joe Pyfer,74,75,13,3,28,185,1,0,26,1,1,2:47,1,11,0,0,0:37,0,2
Joe Pyfer,74,75,13,3,28,185,2,0,14,0,1,0:03,0,11,0,0,0:00,0,1
Joe Pyfer,74,75,13,3,28,185,3,0,14,0,0,0:16,0,10,0,0,0:00,0,1
Joe Pyfer,74,75,13,3,28,185,4,0,26,3,0,1:07,2,11,0,0,0:08,1,2
Joe Pyfer,74,75,13,3,28,185,5,0,92,0,0,0:50,0,121,1,0,3:08,0,5
Joe Pyfer,74,75,13,3,28,185,6,0,8,0,1,0:00,0,0,0,0,0:00,0,1
Jack Hermansson,73,77,24,8,36,185,1,0,122,2,0,0:28,0,164,0,1,5:47,1,5
Jack Hermansson,73,77,24,8,36,185,2,0,55,3,0,7:11,0,40,0,0,1:51,1,3
Jack Hermansson,73,77,24,8,36,185,3,0,137,0,0,0:31,0,153,0,0,0:00,0,5
Jack Hermansson,73,77,24,8,36,185,4,0,100,0,0,0:00,0,43,0,0,0:00,0,3
Jack Hermansson,73,77,24,8,36,185,5,0,47,2,0,1:52,0,25,0,0,0:30,3,2
Jack Hermansson,73,77,24,8,36,185,6,0,121,1,0,3:08,0,92,0,0,0:50,0,5
Marvin Vettori,72,74,19,7,31,185,1,0,24,11,0,20:01,1,37,0,0,0:03,0,5
Marvin Vettori,72,74,19,7,31,185,2,0,58,4,0,6:55,0,96,0,0,0:36,0,5
Marvin Vettori,72,74,19,7,31,205,3,0,190,1,0,3:27,0,163,1,0,0:47,0,5
Marvin Vettori,72,74,19,7,31,185,4,0,33,0,0,0:28,0,74,1,0,0:12,0,3
Marvin Vettori,72,74,19,7,31,185,5,0,106,0,0,0:00,0,71,0,0,0:14,0,3
Marvin Vettori,72,74,19,7,31,185,6,0,153,1,0,0:28,0,241,4,0,3:07,0,5
Roman Dolidze,74,76,14,3,36,185,1,0,18,0,1,0:02,1,11,1,0,0:46,0,1
Roman Dolidze,74,76,14,3,36,185,2,0,25,0,0,0:30,3,47,2,0,1:52,0,2
Roman Dolidze,74,76,14,3,36,185,3,0,71,0,0,0:14,0,106,0,0,0:00,0,3
Roman Dolidze,74,76,14,3,36,185,4,0,34,0,0,10:11,0,112,0,1,3:52,1,5
Roman Dolidze,74,76,14,3,36,205,5,0,100,1,0,3:33,0,51,0,0,0:00,0,3
Roman Dolidze,74,76,14,3,36,185,6,0,19,1,0,2:50,0,18,0,0,0:00,0,1
Alonzo Menifield,72,76,15,5,37,205,1,0,19,2,0,4:19,0,2,0,0,0:00,0,1
Alonzo Menifield,72,76,15,5,37,205,2,0,8,0,1,0:03,0,5,0,0,0:00,0,1
Alonzo Menifield,72,76,15,5,37,205,3,0,21,0,0,1:45,1,26,1,0,1:12,0,2
Alonzo Menifield,72,76,15,5,37,205,4,0,68,1,1,2:03,0,93,0,0,2:08,0,3
Alonzo Menifield,72,76,15,5,37,205,5,0,1,0,0,0:00,0,7,0,1,0:02,0,1
Alonzo Menifield,72,76,15,5,37,205,6,0,15,0,0,0:51,0,45,0,1,0:44,0,2
Volkan Oezdemir,74,75,20,7,35,205,1,0,41,0,0,0:17,0,33,0,1,0:02,0,2
Volkan Oezdemir,74,75,20,7,35,205,2,0,48,0,0,0:00,0,66,1,1,1:45,0,3
Volkan Oezdemir,74,75,20,7,35,205,3,0,72,1,0,5:09,0,33,0,0,0:07,0,3
Volkan Oezdemir,74,75,20,7,35,205,4,0,42,1,0,0:47,0,57,7,0,9:17,1,3
Volkan Oezdemir,74,75,20,7,35,205,5,0,26,1,1,1:23,1,8,0,0,0:00,0,1
Volkan Oezdemir,74,75,20,7,35,205,6,0,37,0,2,0:06,0,15,0,0,0:00,0,1
Carlos Ulberg,76,77,11,1,34,205,1,0,66,2,0,1:15,0,13,0,0,0:22,0,3
Carlos Ulberg,76,77,11,1,34,205,2,0,15,0,1,0:04,0,3,0,0,0:00,0,1
Carlos Ulberg,76,77,11,1,34,205,3,0,14,0,1,0:05,0,2,0,0,0:00,0,1
Carlos Ulberg,76,77,11,1,34,205,4,0,13,0,1,0:08,0,5,0,0,0:00,0,1
Carlos Ulberg,76,77,11,1,34,205,5,0,81,1,1,1:41,1,58,1,0,0:15,0,3
Carlos Ulberg,76,77,11,1,34,205,6,0,7,0,1,0:02,0,1,0,0,0:00,0,1
Ihor Potieria,75,75,20,7,28,205,1,0,21,0,1,0:38,0,17,0,0,0:01,0,1
Ihor Potieria,75,75,20,7,28,205,2,0,5,0,0,0:00,0,13,0,1,0:08,0,1
Ihor Potieria,75,75,20,7,28,205,3,0,73,0,1,1:41,0,80,1,0,2:49,0,2
Ihor Potieria,75,75,20,7,28,185,4,0,67,0,1,2:37,0,32,0,0,0:30,0,3
Ihor Potieria,75,75,20,7,28,185,5,0,2,0,0,0:00,0,6,0,0,0:09,1,1
Ihor Potieria,75,75,20,7,28,185,6,0,44,3,0,3:32,0,57,0,0,2:15,1,3
Cesar Almeida,73,74,6,1,36,185,1,0,71,0,0,5:43,0,28,3,0,5:44,1,3
Cesar Almeida,73,74,6,1,36,185,2,0,29,0,0,0:12,0,1,3,0,5:53,0,2
Cesar Almeida,73,74,6,1,36,185,3,0,58,0,0,0:00,0,41,5,1,8:39,0,3
Cesar Almeida,73,74,6,1,36,185,4,0,57,0,0,2:15,1,44,3,0,3:32,0,3
Roman Kopylov,72,75,13,3,33,185,1,0,59,0,1,0:01,0,39,0,0,1:02,0,3
Roman Kopylov,72,75,13,3,33,185,2,0,82,1,0,0:10,0,39,0,0,0:06,0,2
Roman Kopylov,72,75,13,3,33,185,3,0,32,0,1,0:03,0,32,0,0,0:16,0,2
Roman Kopylov,72,75,13,3,33,185,4,0,49,0,1,0:03,0,38,0,0,0:50,0,2
Roman Kopylov,72,75,13,3,33,185,5,0,35,0,0,0:00,0,34,3,0,4:05,2,2
Roman Kopylov,72,75,13,3,33,185,6,0,41,5,1,8:39,0,58,0,0,0:00,0,3
Anthony Hernandez,72,75,13,2,31,185,1,0,32,0,0,1:25,2,9,4,0,4:00,0,2
Anthony Hernandez,72,75,13,2,31,185,2,0,48,8,0,10:45,3,31,1,0,2:37,1,3
Anthony Hernandez,72,75,13,2,31,185,3,0,39,8,0,8:45,2,25,0,0,0:25,0,3
Anthony Hernandez,72,75,13,2,31,185,4,0,63,6,0,7:11,4,30,1,0,0:41,1,3
Anthony Hernandez,72,75,13,2,31,185,5,0,34,3,0,4:05,2,35,0,0,0:00,0,2
Anthony Hernandez,72,75,13,2,31,185,6,0,152,10,0,15:42,0,24,0,0,0:56,1,5
Michel Pereira,73,73,31,12,31,170,1,0,107,1,0,0:44,0,45,0,0,0:45,0,3
Michel Pereira,73,73,31,12,31,170,2,0,110,0,0,0:01,0,105,1,0,0:18,0,3
Michel Pereira,73,73,31,12,31,185,3,0,6,0,1,0:04,0,0,0,0,0:00,0,1
Michel Pereira,73,73,31,12,31,185,4,0,11,0,0,0:18,1,1,0,0,0:00,0,1
Michel Pereira,73,73,31,12,31,185,5,0,6,0,0,0:09,1,2,0,0,0:00,0,1
Michel Pereira,73,73,31,12,31,185,6,0,24,0,0,0:56,1,152,10,0,15:42,0,5
Geoff Neal,71,75,16,6,34,170,1,0,35,1,0,3:50,0,55,2,0,1:43,0,3
Geoff Neal,71,75,16,6,34,170,2,0,85,0,0,0:03,0,91,1,0,0:23,0,3
Geoff Neal,71,75,16,6,34,170,3,0,121,1,2,0:47,0,97,0,0,0:00,0,3
Geoff Neal,71,75,16,6,34,170,4,0,69,0,0,1:12,0,113,0,0,3:43,1,3
Geoff Neal,71,75,16,6,34,170,5,0,46,0,0,3:45,0,67,0,0,0:12,0,3
Geoff Neal,71,75,16,6,34,170,6,0,18,1,1,0:27,0,4,0,0,0:00,0,1
Rafael Dos Anjos,68,70,32,17,40,170,1,0,149,5,1,13:22,0,88,0,0,0:30,0,5
Rafael Dos Anjos,68,70,32,17,40,155,2,0,54,2,0,6:13,0,64,0,1,2:59,0,5
Rafael Dos Anjos,68,70,32,17,40,170,3,0,20,4,0,6:36,2,14,0,0,0:35,0,2
Rafael Dos Anjos,68,70,32,17,40,170,4,0,66,2,0,3:54,1,72,8,0,12:01,0,5
Rafael Dos Anjos,68,70,32,17,40,155,5,0,36,0,1,0:11,0,57,11,0,7:01,0,3
Rafael Dos Anjos,68,70,32,17,40,170,6,0,4,0,0,0:00,0,18,1,1,0:27,0,1
Shavkat Rakhmonov,73,77,18,0,30,170,1,0,13,0,0,0:44,1,9,0,0,2:04,0,1
Shavkat Rakhmonov,73,77,18,0,30,170,2,0,21,1,0,3:25,1,6,0,0,0:58,0,2
Shavkat Rakhmonov,73,77,18,0,30,170,3,0,13,1,1,0:52,0,10,0,0,0:44,0,1
Shavkat Rakhmonov,73,77,18,0,30,170,4,0,19,2,0,9:06,1,11,0,0,0:07,0,2
Shavkat Rakhmonov,73,77,18,0,30,170,5,0,113,0,0,3:43,1,69,0,0,1:12,0,3
Shavkat Rakhmonov,73,77,18,0,30,170,6,0,28,1,0,7:45,2,16,0,0,0:00,0,2
Jan Blachowicz,74,78,29,10,41,205,1,0,13,0,1,0:02,0,11,0,0,0:03,0,1
Jan Blachowicz,74,78,29,10,41,205,2,0,41,0,1,0:03,0,21,0,0,0:00,0,2
Jan Blachowicz,74,78,29,10,41,205,3,0,107,3,0,7:06,0,78,0,0,0:01,0,5
Jan Blachowicz,74,78,29,10,41,205,4,0,28,0,0,0:15,0,23,2,0,5:17,2,2
Jan Blachowicz,74,78,29,10,41,205,5,0,31,0,0,0:01,1,27,1,0,4:33,0,3
Jan Blachowicz,74,78,29,10,41,205,6,0,52,3,0,7:32,2,70,0,0,0:06,1,3
Jamahal Hill,76,79,12,2,33,205,1,0,1,0,0,0:53,0,23,0,0,0:03,3,1
Jamahal Hill,76,79,12,2,33,205,2,0,4,0,1,0:01,0,6,0,0,0:00,0,1
Jamahal Hill,76,79,12,2,33,205,3,0,6,0,1,0:03,0,12,0,0,0:22,0,1
Jamahal Hill,76,79,12,2,33,205,4,0,89,0,0,1:26,0,53,6,0,5:54,0,4
Jamahal Hill,76,79,12,2,33,205,5,0,232,0,0,3:26,0,75,2,0,3:26,0,5
Jamahal Hill,76,79,12,2,33,205,6,0,12,0,0,0:00,0,24,0,1,0:07,0,1
Glover Teixeira,74,76,33,9,45,205,1,0,43,1,0,4:22,2,47,2,0,4:39,1,3
Glover Teixeira,74,76,33,9,45,205,2,0,138,1,1,7:58,0,86,1,0,0:07,0,5
Glover Teixeira,74,76,33,9,45,205,3,0,46,4,0,9:03,2,40,0,1,1:18,0,3
Glover Teixeira,74,76,33,9,45,205,4,0,23,2,0,5:17,2,28,0,0,0:15,0,2
Glover Teixeira,74,76,33,9,45,205,5,0,111,5,0,9:47,1,120,0,0,4:29,1,5
Glover Teixeira,74,76,33,9,45,205,6,0,75,2,0,3:26,0,232,0,0,3:26,0,5
Islam Makhachev,70,70,26,1,33,155,1,0,2,1,0,1:48,2,4,0,0,0:00,0,1
Islam Makhachev,70,70,26,1,33,155,2,0,14,1,0,1:57,0,9,0,0,0:00,0,1
Islam Makhachev,70,70,26,1,33,155,3,0,30,2,1,5:05,1,19,0,0,0:42,0,2
Islam Makhachev,70,70,26,1,33,155,4,0,57,4,0,7:37,0,70,0,1,2:55,0,5
Islam Makhachev,70,70,26,1,33,155,5,0,24,0,1,0:19,0,4,0,0,0:49,0,1
Islam Makhachev,70,70,26,1,33,155,6,0,88,5,0,10:23,2,74,0,0,0:30,0,5
Shara Magomedov,74,73,15,0,30,185,1,0,113,0,0,0:00,0,65,3,0,6:44,0,3
Shara Magomedov,74,73,15,0,30,185,2,0,82,0,1,0:17,0,16,0,0,4:42,0,3
Shara Magomedov,74,73,15,0,30,185,3,0,97,0,0,0:00,0,77,3,0,2:39,0,3
Shara Magomedov,74,73,15,0,30,185,4,0,65,0,1,0:02,0,77,0,0,0:21,0,2
Armen Petrosyan,75,71,9,4,34,185,1,0,127,0,0,0:00,0,61,2,0,1:34,2,3
Armen Petrosyan,75,71,9,4,34,185,2,0,31,0,0,1:19,0,12,4,0,10:09,0,3
Armen Petrosyan,75,71,9,4,34,185,3,0,118,0,0,0:00,0,58,3,0,0:49,0,3
Armen Petrosyan,75,71,9,4,34,185,4,0,89,1,0,3:21,0,59,0,0,1:09,0,3
Armen Petrosyan,75,71,9,4,34,185,5,0,9,0,0,0:00,0,6,3,0,2:46,1,1
Armen Petrosyan,75,71,9,4,34,185,6,0,77,0,0,0:21,0,65,0,1,0:02,0,2
Michal Oleksiejczuk,72,74,19,9,29,185,1,0,15,0,0,1:12,0,0,3,0,1:53,0,1
Michal Oleksiejczuk,72,74,19,9,29,185,2,0,30,0,0,0:13,0,34,3,0,2:39,1,2
Michal Oleksiejczuk,72,74,19,9,29,185,3,0,44,1,0,1:36,0,29,0,0,0:09,0,1
Michal Oleksiejczuk,72,74,19,9,29,185,4,0,1,0,0,0:00,0,11,0,0,0:18,1,1
Michal Oleksiejczuk,72,74,19,9,29,185,5,0,8,0,0,0:31,0,8,0,0,0:16,1,1
Michal Oleksiejczuk,72,74,19,9,29,185,6,0,77,3,0,2:39,0,97,0,0,0:00,0,3
Derrick Lewis,75,79,28,12,39,265,1,0,27,2,0,1:48,0,24,0,1,2:06,0,2
Derrick Lewis,75,79,28,12,39,265,2,0,4,0,0,0:00,0,15,0,1,0:02,0,1
Derrick Lewis,75,79,28,12,39,265,3,0,0,0,0,0:00,0,12,6,0,2:32,1,1
Derrick Lewis,75,79,28,12,39,265,4,0,17,0,1,0:29,0,1,0,0,0:00,0,1
Derrick Lewis,75,79,28,12,39,265,5,0,20,0,0,0:57,0,38,6,0,21:10,4,5
Derrick Lewis,75,79,28,12,39,265,6,0,41,1,1,3:23,0,27,1,0,4:46,0,3
Curtis Blaydes,76,80,18,5,33,265,1,0,32,3,0,6:19,0,18,0,0,0:00,0,3
Curtis Blaydes,76,80,18,5,33,265,2,0,30,0,1,0:03,0,13,0,0,0:00,0,2
Curtis Blaydes,76,80,18,5,33,265,3,0,4,0,0,0:01,0,3,0,0,0:00,0,1
Curtis Blaydes,76,80,18,5,33,265,4,0,14,0,0,0:00,0,36,0,1,0:00,0,1
Curtis Blaydes,76,80,18,5,33,265,5,0,16,0,0,0:09,0,1,9,0,4:39,0,2
Curtis Blaydes,76,80,18,5,33,265,6,0,5,0,0,0:00,0,14,0,1,0:13,0,1
Tom Aspinall,77,78,15,3,31,265,1,0,16,0,1,0:03,0,0,0,0,0:00,0,1
Tom Aspinall,77,78,15,3,31,265,2,0,29,2,0,1:54,1,13,0,0,0:00,0,1
Tom Aspinall,77,78,15,3,31,265,3,0,3,0,0,0:00,0,4,0,0,0:01,0,1
Tom Aspinall,77,78,15,3,31,265,4,0,13,0,1,0:05,0,4,0,0,0:00,0,1
Tom Aspinall,77,78,15,3,31,265,5,0,10,0,1,0:02,0,1,0,0,0:00,0,1
Tom Aspinall,77,78,15,3,31,265,6,0,14,0,1,0:13,0,5,0,0,0:00,0,1
Sergei Pavlovich,75,84,18,3,32,265,1,0,21,0,1,0:12,0,17,0,0,0:00,0,1
Sergei Pavlovich,75,84,18,3,32,265,2,0,15,0,1,0:02,0,4,0,0,0:00,0,1
Sergei Pavlovich,75,84,18,3,32,265,3,0,23,0,2,0:09,0,2,0,0,0:00,0,1
Sergei Pavlovich,75,84,18,3,32,265,4,0,36,0,1,0:00,0,14,0,0,0:00,0,1
Sergei Pavlovich,75,84,18,3,32,265,5,0,1,0,0,0:00,0,10,0,1,0:02,0,1
Sergei Pavlovich,75,84,18,3,32,265,6,0,46,0,0,0:15,0,83,0,0,0:00,0,3
